"fixed.acidity","volatile.acidity","citric.acid","residual.sugar","chlorides","free.sulfur.dioxide","total.sulfur.dioxide","density","pH","sulphates","alcohol","quality","type"
8.9,0.38,0.4,2.2,0.068,12,28,0.99486,3.27,0.75,12.6,7,"red"
7.8,0.21,0.34,11.9,0.039,55,140,0.9959,3.02,0.31,10.3,6,"white"
7.1,0.22,0.33,2.8,0.033,48,153,0.9899,3.15,0.38,12.7,7,"white"
7.1,0.17,0.4,14.55,0.047,47,156,0.99945,3.34,0.78,9.1,6,"white"
7.2,0.53,0.13,2,0.058,18,22,0.99573,3.21,0.68,9.9,6,"red"
6.6,0.23,0.3,14.9,0.051,33,118,0.99835,3.04,0.54,9,6,"white"
7.2,0.29,0.4,7.6,0.024,56,177,0.9928,3.04,0.32,11.5,6,"white"
11.5,0.18,0.51,4,0.104,4,23,0.9996,3.28,0.97,10.1,6,"red"
6.6,0.56,0.15,10,0.037,38,157,0.99642,3.28,0.52,9.4,5,"white"
6.7,0.34,0.43,1.6,0.041,29,114,0.99014,3.23,0.44,12.6,6,"white"
6.4,0.15,0.36,1.8,0.034,43,150,0.9922,3.42,0.69,11,8,"white"
7.5,0.28,0.78,12.1,0.041,53,161,0.99838,2.98,0.44,8.7,5,"white"
12.4,0.4,0.51,2,0.059,6,24,0.9994,3.04,0.6,9.3,6,"red"
5.2,0.645,0,2.15,0.08,15,28,0.99444,3.78,0.61,12.5,6,"red"
4.7,0.145,0.29,1,0.042,35,90,0.9908,3.76,0.49,11.3,6,"white"
10.7,0.46,0.39,2,0.061,7,15,0.9981,3.18,0.62,9.5,5,"red"
6.8,0.26,0.24,7.8,0.052,54,214,0.9961,3.13,0.47,8.9,5,"white"
6.8,0.32,0.3,3.3,0.029,15,80,0.99061,3.33,0.63,12.6,7,"white"
5.5,0.21,0.25,1.2,0.04,18,75,0.99006,3.31,0.56,11.3,6,"white"
6.9,0.25,0.3,4.1,0.054,23,116,0.994,2.99,0.38,9.4,6,"white"
7.8,0.6,0.14,2.4,0.086,3,15,0.9975,3.42,0.6,10.8,6,"red"
10,0.43,0.33,2.7,0.095,28,89,0.9984,3.22,0.68,10,5,"red"
6.4,0.57,0.02,1.8,0.067,4,11,0.997,3.46,0.68,9.5,5,"red"
7.7,0.715,0.01,2.1,0.064,31,43,0.99371,3.41,0.57,11.8,6,"red"
10.6,0.44,0.68,4.1,0.114,6,24,0.997,3.06,0.66,13.4,6,"red"
7.4,0.16,0.33,1.2,0.042,47,121,0.99198,3.04,0.68,10.5,7,"white"
6.3,0.38,0.17,8.8,0.08,50,212,0.99803,3.47,0.66,9.4,4,"white"
6.8,0.19,0.4,9.85,0.055,41,103,0.99532,2.98,0.56,10.5,6,"white"
8.4,0.57,0.44,10.7,0.051,46,195,0.9981,3.15,0.51,10.4,5,"white"
9,0.245,0.38,5.9,0.045,52,159,0.995,2.93,0.35,10.2,6,"white"
6.9,0.22,0.37,15,0.053,59,178,0.9992,3.37,0.82,9.5,7,"white"
6.2,0.255,0.24,1.7,0.039,138.5,272,0.99452,3.53,0.53,9.6,4,"white"
7.4,0.785,0.19,5.2,0.094,19,98,0.99713,3.16,0.52,9.6,6,"red"
7.2,0.34,0.44,4.2,0.047,51,144,0.991,3.01,0.76,12.3,6,"white"
8,0.19,0.3,2,0.053,48,140,0.994,3.18,0.49,9.6,6,"white"
7.8,0.18,0.46,13.6,0.052,38,118,0.998,3.15,0.5,10,6,"white"
6,0.19,0.71,1.5,0.152,9,55,0.9927,3.12,0.46,9.8,6,"white"
7.1,0.69,0.08,2.1,0.063,42,52,0.99608,3.42,0.6,10.2,6,"red"
5.8,0.22,0.29,0.9,0.034,34,89,0.98936,3.14,0.36,11.1,7,"white"
6.5,0.23,0.25,17.3,0.046,15,110,0.99828,3.15,0.42,9.2,6,"white"
6.8,0.24,0.38,8.3,0.045,50,185,0.99578,3.15,0.5,9.5,6,"white"
6.7,0.27,0.33,3.6,0.034,9,45,0.99144,3.08,0.4,10.5,6,"white"
10.9,0.32,0.52,1.8,0.132,17,44,0.99734,3.28,0.77,11.5,6,"red"
6.8,0.25,0.38,8.1,0.046,24,155,0.9956,3.33,0.59,10.2,6,"white"
6.6,0.34,0.28,1.3,0.035,32,90,0.9916,3.1,0.42,10.7,6,"white"
7.4,0.26,0.43,6,0.022,22,125,0.9928,3.13,0.55,11.5,6,"white"
6.9,0.29,0.16,6.8,0.034,65,212,0.9955,3.08,0.39,9,6,"white"
7.1,0.37,0.3,6.2,0.04,49,139,0.99021,3.17,0.27,13.6,6,"white"
8.1,0.2,0.3,1.3,0.036,7,49,0.99242,2.99,0.73,10.3,5,"white"
6,0.34,0.66,15.9,0.046,26,164,0.9979,3.14,0.5,8.8,6,"white"
10.4,0.64,0.24,2.8,0.105,29,53,0.9998,3.24,0.67,9.9,5,"red"
11.1,0.31,0.53,2.2,0.06,3,10,0.99572,3.02,0.83,10.9,7,"red"
6.7,0.31,0.3,2.4,0.038,30,83,0.98867,3.09,0.36,12.8,7,"white"
7.6,0.39,0.31,2.3,0.082,23,71,0.9982,3.52,0.65,9.7,5,"red"
6.4,0.29,0.18,15,0.04,21,116,0.99736,3.14,0.5,9.2,5,"white"
6.9,0.52,0.54,7.9,0.036,23,169,0.99267,3.26,0.47,12.2,6,"white"
6.1,0.24,0.32,9,0.031,41,134,0.99234,3.25,0.26,12.3,7,"white"
7.1,0.2,0.37,1.5,0.049,28,129,0.99226,3.15,0.52,10.8,5,"white"
6.3,0.76,0,2.9,0.072,26,52,0.99379,3.51,0.6,11.5,6,"red"
7.3,0.52,0.32,2.1,0.07,51,70,0.99418,3.34,0.82,12.9,6,"red"
6.8,0.28,0.4,22,0.048,48,167,1.001,2.93,0.5,8.7,5,"white"
6.4,0.24,0.49,5.8,0.053,25,120,0.9942,3.01,0.98,10.5,6,"white"
6.8,0.21,0.55,14.6,0.053,34,159,0.99805,2.93,0.44,9.2,5,"white"
5.9,0.65,0.23,5,0.035,20,128,0.99016,3.46,0.48,12.8,6,"white"
7.3,0.24,0.39,17.95,0.057,45,149,0.9999,3.21,0.36,8.6,5,"white"
7.6,0.17,0.27,4.6,0.05,23,98,0.99422,3.08,0.47,9.5,6,"white"
11.5,0.315,0.54,2.1,0.084,5,15,0.9987,2.98,0.7,9.2,6,"red"
6,0.28,0.27,15.5,0.036,31,134,0.99408,3.19,0.44,13,7,"white"
7.4,0.16,0.27,15.5,0.05,25,135,0.9984,2.9,0.43,8.7,7,"white"
7.9,0.58,0.23,2.3,0.076,23,94,0.99686,3.21,0.58,9.5,6,"red"
6.9,0.3,0.21,15.7,0.056,49,159,0.99827,3.11,0.48,9,5,"white"
7.2,0.48,0.07,5.5,0.089,10,18,0.99684,3.37,0.68,11.2,7,"red"
7.3,0.67,0.26,1.8,0.401,16,51,0.9969,3.16,1.14,9.4,5,"red"
6.3,0.33,0.27,1.2,0.046,34,175,0.9934,3.37,0.54,9.4,6,"white"
8.3,0.2,0.49,1.7,0.04,34,169,0.9938,3.05,0.37,10.1,5,"white"
6.7,0.22,0.39,1.2,0.049,26,152,0.99346,3.5,0.47,10,6,"white"
8.4,0.4,0.7,13.1,0.042,29,197,0.998,3.06,0.64,9.7,5,"white"
7,0.28,0.26,1.7,0.042,34,130,0.9925,3.43,0.5,10.7,8,"white"
5.7,0.22,0.25,1.1,0.05,97,175,0.99099,3.44,0.62,11.1,6,"white"
6.7,0.46,0.24,1.7,0.077,18,34,0.9948,3.39,0.6,10.6,6,"red"
10.9,0.53,0.49,4.6,0.118,10,17,1.0002,3.07,0.56,11.7,6,"red"
6.6,0.25,0.32,5.6,0.039,15,68,0.99163,2.96,0.52,11.1,6,"white"
12,0.45,0.55,2,0.073,25,49,0.9997,3.1,0.76,10.3,6,"red"
6.2,0.2,0.49,1.6,0.065,17,143,0.9937,3.22,0.52,9.2,6,"white"
6.2,0.34,0.3,11.1,0.047,28,237,0.9981,3.18,0.49,8.7,5,"white"
6.9,0.48,0.2,1.9,0.082,9,23,0.99585,3.39,0.43,9.05,4,"red"
8.2,0.26,0.34,2.5,0.073,16,47,0.99594,3.4,0.78,11.3,7,"red"
7.3,0.19,0.27,13.9,0.057,45,155,0.99807,2.94,0.41,8.8,8,"white"
7.5,0.25,0.47,4.1,0.041,95,163,0.99184,2.92,0.59,11.3,6,"white"
9.7,0.295,0.4,1.5,0.073,14,21,0.99556,3.14,0.51,10.9,6,"red"
6.8,0.17,0.74,2.4,0.053,61,182,0.9953,3.63,0.76,10.5,6,"white"
7.1,0.35,0.29,2.5,0.096,20,53,0.9962,3.42,0.65,11,6,"red"
5.9,0.655,0,5.6,0.033,8,31,0.9936,3.32,0.51,10.5,4,"white"
7.3,0.835,0.03,2.1,0.092,10,19,0.9966,3.39,0.47,9.6,5,"red"
6.8,0.26,0.34,15.1,0.06,42,162,0.99705,3.24,0.52,10.5,3,"white"
6,0.28,0.52,6.2,0.028,37,104,0.99161,3.28,0.51,11.8,7,"white"
9.4,0.24,0.29,8.5,0.037,124,208,0.99395,2.9,0.38,11,3,"white"
6.6,0.21,0.29,5.35,0.029,43,106,0.99112,2.93,0.43,11.5,7,"white"
6.5,0.23,0.33,13.8,0.042,25,139,0.99695,3.35,0.56,10.4,6,"white"
9.9,0.54,0.26,2,0.111,7,60,0.99709,2.94,0.98,10.2,5,"red"
6.8,0.43,0.3,3.5,0.033,27,135,0.9906,3,0.37,12,6,"white"
6.4,0.17,0.34,1.5,0.091,42,135,0.9938,3.25,0.49,9.6,7,"white"
7.1,0.12,0.32,9.6,0.054,64,162,0.9962,3.4,0.41,9.4,5,"white"
7.8,0.52,0.25,1.9,0.081,14,38,0.9984,3.43,0.65,9,6,"red"
6.4,0.18,0.32,9.6,0.052,24,90,0.9963,3.35,0.49,9.4,6,"white"
9.1,0.22,0.24,2.1,0.078,1,28,0.999,3.41,0.87,10.3,6,"red"
6.2,0.37,0.24,6.1,0.032,19,86,0.98934,3.04,0.26,13.4,8,"white"
7.4,0.26,0.37,9.4,0.047,42,147,0.9982,3.46,0.72,10,5,"white"
6.4,0.29,0.2,15.6,0.04,20,142,0.9962,3.1,0.54,10.6,5,"white"
7,0.48,0.12,4.5,0.05,23,86,0.99398,2.86,0.35,9,5,"white"
5.9,0.23,0.24,3.8,0.038,61,152,0.99139,3.31,0.5,11.3,7,"white"
7.1,0.71,0,1.9,0.08,14,35,0.9972,3.47,0.55,9.4,5,"red"
6.9,0.17,0.25,1.6,0.047,34,132,0.9914,3.16,0.48,11.4,5,"white"
6.4,0.26,0.42,9.7,0.044,30,140,0.9962,3.18,0.47,9.1,6,"white"
6.6,0.425,0.25,2.35,0.034,23,87,0.99082,3.05,0.41,11.4,6,"white"
7.5,0.27,0.36,7,0.036,45,164,0.9939,3.03,0.33,11,5,"white"
6.2,0.2,0.25,15,0.055,8,120,0.99767,3.19,0.53,9.6,6,"white"
6.8,0.34,0.69,1.3,0.058,12,171,0.9931,3.06,0.47,9.7,5,"white"
5.4,0.74,0,1.2,0.041,16,46,0.99258,4.01,0.59,12.5,6,"red"
7,0.53,0.43,6.1,0.029,6,76,0.99118,3.08,0.5,12.5,8,"white"
6,0.18,0.27,1.5,0.089,40,143,0.9923,3.49,0.62,10.8,6,"white"
10.3,0.34,0.52,2.8,0.159,15,75,0.9998,3.18,0.64,9.4,5,"red"
6.8,0.18,0.28,8.5,0.047,52,242,0.9952,3.22,0.53,10.5,6,"white"
6.8,0.18,0.3,12.8,0.062,19,171,0.99808,3,0.52,9,7,"white"
6.8,0.14,0.35,1.5,0.047,40,117,0.99111,3.07,0.72,11.1,6,"white"
5.9,0.27,0.27,9,0.051,43,136,0.9941,3.25,0.53,10.7,6,"white"
6.1,0.21,0.4,1.4,0.066,40.5,165,0.9912,3.25,0.59,11.9,6,"red"
6.8,0.24,0.29,2,0.044,15,96,0.99232,3.23,0.64,10.4,8,"white"
7.2,0.35,0.26,1.8,0.083,33,75,0.9968,3.4,0.58,9.5,6,"red"
8.2,0.7,0.23,2,0.099,14,81,0.9973,3.19,0.7,9.4,5,"red"
7.5,0.51,0.02,1.7,0.084,13,31,0.99538,3.36,0.54,10.5,6,"red"
7.2,0.57,0.05,2.3,0.081,16,36,0.99564,3.38,0.6,10.3,6,"red"
7.7,0.31,0.26,7.8,0.031,23,90,0.9944,3.13,0.5,10.4,5,"white"
7.5,0.28,0.34,4.2,0.028,36,116,0.991,2.99,0.41,12.3,8,"white"
6.7,0.27,0.33,3.6,0.034,9,45,0.99144,3.08,0.4,10.5,6,"white"
8.3,0.65,0.1,2.9,0.089,17,40,0.99803,3.29,0.55,9.5,5,"red"
7.5,0.49,0.19,1.9,0.076,10,44,0.9957,3.39,0.54,9.7,5,"red"
7.9,1.04,0.05,2.2,0.084,13,29,0.9959,3.22,0.55,9.9,6,"red"
8.9,0.26,0.33,8.1,0.024,47,202,0.99558,3.13,0.46,10.8,6,"white"
11.9,0.38,0.49,2.7,0.098,12,42,1.0004,3.16,0.61,10.3,5,"red"
6.4,0.25,0.32,0.9,0.034,40,114,0.99114,3.31,0.58,10.8,7,"white"
8,0.25,0.49,9,0.044,31,185,0.998,3.34,0.49,10,6,"white"
7.4,0.26,0.29,3.7,0.048,14,73,0.9915,3.06,0.45,11.4,6,"white"
9.1,0.28,0.46,9,0.114,3,9,0.99901,3.18,0.6,10.9,6,"red"
7.3,0.17,0.23,6.3,0.051,35,240,0.9963,3.36,0.54,10,6,"white"
6.5,0.28,0.29,2.7,0.038,26,107,0.9912,3.32,0.41,11.6,7,"white"
5.5,0.62,0.33,1.7,0.037,24,118,0.98758,3.15,0.39,13.55,6,"white"
7.3,0.19,0.27,13.9,0.057,45,155,0.99807,2.94,0.41,8.8,8,"white"
6.9,0.33,0.26,5,0.027,46,143,0.9924,3.25,0.43,11.2,7,"white"
7,0.3,0.51,13.6,0.05,40,168,0.9976,3.07,0.52,9.6,7,"white"
10,0.41,0.45,6.2,0.071,6,14,0.99702,3.21,0.49,11.8,7,"red"
7.1,0.09,0.3,6.2,0.032,24,134,0.993,2.99,0.39,10.9,6,"white"
8.4,0.34,0.42,2.1,0.072,23,36,0.99392,3.11,0.78,12.4,6,"red"
9.8,0.37,0.39,2.5,0.079,28,65,0.99729,3.16,0.59,9.8,5,"red"
7.5,0.33,0.32,11.1,0.036,25,119,0.9962,3.15,0.34,10.5,6,"white"
8.2,0.34,0.37,1.9,0.057,43,74,0.99408,3.23,0.81,12,6,"red"
7.1,0.12,0.3,3.1,0.018,15,37,0.99004,3.02,0.52,11.9,7,"white"
10.9,0.37,0.58,4,0.071,17,65,0.99935,3.22,0.78,10.1,5,"red"
7,0.58,0.12,1.9,0.091,34,124,0.9956,3.44,0.48,10.5,5,"red"
6.1,0.28,0.23,4.2,0.038,13,95,0.98898,2.97,0.7,13.1,6,"white"
6.1,0.17,0.21,1.9,0.09,44,130,0.99255,3.07,0.41,9.7,5,"white"
6.8,0.49,0.22,2.3,0.071,13,24,0.99438,3.41,0.83,11.3,6,"red"
5.5,0.12,0.33,1,0.038,23,131,0.99164,3.25,0.45,9.8,5,"white"
6.2,0.21,0.26,13.1,0.05,59,150,0.99772,3.31,0.46,9,5,"white"
8.5,0.28,0.34,13.8,0.041,32,161,0.9981,3.13,0.4,9.9,6,"white"
8.6,0.23,0.4,4.2,0.035,17,109,0.9947,3.14,0.53,9.7,5,"white"
7.2,0.24,0.28,1.9,0.032,30,92,0.9914,3.1,0.39,10.9,6,"white"
6.6,0.64,0.28,4.4,0.032,19,78,0.99036,3.11,0.62,12.9,6,"white"
7,0.2,0.35,8.8,0.037,31,103,0.99388,3.13,0.49,11,6,"white"
10.8,0.29,0.42,1.6,0.084,19,27,0.99545,3.28,0.73,11.9,6,"red"
7.6,0.29,0.42,1.3,0.035,18,86,0.9908,2.99,0.39,11.3,5,"white"
6.5,0.33,0.38,2.5,0.047,30,148,0.98964,3.17,0.43,12.7,6,"white"
10.1,0.28,0.46,1.8,0.05,5,13,0.9974,3.04,0.79,10.2,6,"red"
7.5,0.32,0.49,1.7,0.031,44,109,0.9906,3.07,0.46,12.5,6,"white"
8.4,0.56,0.04,2,0.082,10,22,0.9976,3.22,0.44,9.6,5,"red"
8.7,0.69,0.31,3,0.086,23,81,1.0002,3.48,0.74,11.6,6,"red"
8.3,0.2,0.74,4.45,0.044,33,130,0.9924,3.25,0.42,12.2,6,"white"
8,0.23,0.46,1.5,0.03,30,125,0.9907,3.23,0.47,12.5,6,"white"
7.7,0.96,0.2,2,0.047,15,60,0.9955,3.36,0.44,10.9,5,"red"
9.5,0.56,0.33,2.4,0.089,35,67,0.9972,3.28,0.73,11.8,7,"red"
7.7,0.39,0.12,1.7,0.097,19,27,0.99596,3.16,0.49,9.4,5,"red"
7.2,0.24,0.27,11.4,0.034,40,174,0.99773,3.2,0.44,9,5,"white"
6.6,0.26,0.21,2.9,0.026,48,126,0.99089,3.22,0.38,11.3,7,"white"
8.4,0.2,0.38,11.8,0.055,51,170,1.0004,3.34,0.82,8.9,6,"white"
7.6,0.2,0.3,14.2,0.056,53,212.5,0.999,3.14,0.46,8.9,8,"white"
6.7,0.24,0.36,8.4,0.042,42,123,0.99473,3.34,0.52,10.9,6,"white"
6.7,0.24,0.33,12.3,0.046,31,145,0.9983,3.36,0.4,9.5,5,"white"
5.4,0.33,0.31,4,0.03,27,108,0.99031,3.3,0.43,12.2,7,"white"
7.4,0.29,0.5,1.8,0.042,35,127,0.9937,3.45,0.5,10.2,7,"white"
9.6,0.42,0.35,2.1,0.083,17,38,0.99622,3.23,0.66,11.1,6,"red"
6.2,0.15,0.46,1.6,0.039,38,123,0.993,3.38,0.51,9.7,6,"white"
6.8,0.27,0.22,17.8,0.034,16,116,0.9989,3.07,0.53,9.2,5,"white"
8.2,0.37,0.27,1.7,0.028,10,59,0.9923,2.97,0.48,10.4,5,"white"
10.5,0.26,0.47,1.9,0.078,6,24,0.9976,3.18,1.04,10.9,7,"red"
6.9,0.27,0.25,7.5,0.03,18,117,0.99116,3.09,0.38,13,6,"white"
6.4,0.21,0.28,5.9,0.047,29,101,0.99278,3.15,0.4,11,6,"white"
7.1,0.59,0.01,2.5,0.077,20,85,0.99746,3.55,0.59,9.8,5,"red"
7,0.22,0.26,1.1,0.037,20,71,0.9902,3.1,0.38,11.7,6,"white"
4.9,0.335,0.14,1.3,0.036,69,168,0.99212,3.47,0.46,10.46666667,5,"white"
9.4,0.28,0.3,1.6,0.045,36,139,0.99534,3.11,0.49,9.3,5,"white"
6.4,0.38,0.14,2.2,0.038,15,25,0.99514,3.44,0.65,11.1,6,"red"
6.8,0.26,0.44,8.2,0.046,52,183,0.99584,3.2,0.51,9.4,5,"white"
7.2,0.23,0.38,14.3,0.058,55,194,0.9979,3.09,0.44,9,6,"white"
7.3,0.25,0.42,14.2,0.041,57,182,0.9996,3.29,0.75,9.1,7,"white"
7.6,0.31,0.24,1.8,0.037,39,150,0.9913,3.05,0.44,11.8,7,"white"
6.8,0.34,0.74,2.8,0.088,23,185,0.9928,3.51,0.7,12,6,"white"
4.5,0.19,0.21,0.95,0.033,89,159,0.99332,3.34,0.42,8,5,"white"
10.3,0.43,0.44,2.4,0.214,5,12,0.9994,3.19,0.63,9.5,6,"red"
5.1,0.31,0.3,0.9,0.037,28,152,0.992,3.54,0.56,10.1,6,"white"
6.3,0.27,0.37,7.9,0.047,58,215,0.99542,3.19,0.48,9.5,6,"white"
12.6,0.31,0.72,2.2,0.072,6,29,0.9987,2.88,0.82,9.8,8,"red"
8,0.59,0.71,17.35,0.038,61,228,1,2.95,0.75,9.3,5,"white"
7,0.27,0.74,1.5,0.036,27,122,0.9926,3.35,0.48,11.2,6,"white"
7.3,0.2,0.26,1.6,0.04,36,123,0.99238,3.34,0.44,10.8,6,"white"
8.7,0.82,0.02,1.2,0.07,36,48,0.9952,3.2,0.58,9.8,5,"red"
8.2,0.17,0.32,1.5,0.05,17,101,0.994,3.14,0.58,9.5,5,"white"
11.6,0.475,0.4,1.4,0.091,6,28,0.99704,3.07,0.65,10.03333333,6,"red"
6.2,0.25,0.25,1.4,0.03,35,105,0.9912,3.3,0.44,11.1,7,"white"
6.6,0.28,0.28,8.5,0.052,55,211,0.9962,3.09,0.55,8.9,6,"white"
9.6,0.56,0.31,2.8,0.089,15,46,0.9979,3.11,0.92,10,6,"red"
8.9,0.13,0.49,1,0.028,6,24,0.9926,2.91,0.32,9.9,5,"white"
7.2,0.66,0.03,2.3,0.078,16,86,0.99743,3.53,0.57,9.7,5,"red"
5.8,0.31,0.32,4.5,0.024,28,94,0.98906,3.25,0.52,13.7,7,"white"
7.3,0.22,0.37,14.3,0.063,48,191,0.9978,2.89,0.38,9,6,"white"
9.9,0.35,0.55,2.1,0.062,5,14,0.9971,3.26,0.79,10.6,5,"red"
6.7,0.35,0.32,9,0.032,29,113,0.99188,3.13,0.65,12.9,7,"white"
6.7,0.47,0.29,4.75,0.034,29,134,0.99056,3.29,0.46,13,7,"white"
7,0.23,0.4,1.6,0.063,21,67,0.9952,3.5,0.63,11.1,5,"red"
6.7,0.16,0.32,12.5,0.035,18,156,0.99666,2.88,0.36,9,6,"white"
6.4,0.24,0.22,1.5,0.038,38,157,0.9934,3.41,0.55,9.9,6,"white"
7.2,0.15,0.33,1.1,0.027,16,63,0.9937,3.37,0.4,9.9,5,"white"
8.6,0.16,0.49,7.3,0.043,9,63,0.9953,3.13,0.59,10.5,6,"white"
5.2,0.5,0.18,2,0.036,23,129,0.98949,3.36,0.77,13.4,7,"white"
6.5,0.36,0.16,1.3,0.054,11,107,0.99398,3.19,0.39,8.5,5,"white"
8.9,0.62,0.18,3.8,0.176,52,145,0.9986,3.16,0.88,9.2,5,"red"
6.6,0.32,0.26,7.7,0.054,56,209,0.9961,3.17,0.45,8.8,5,"white"
6.3,0.13,0.42,1.1,0.043,63,146,0.99066,3.13,0.72,11.2,7,"white"
6.6,0.41,0.31,1.6,0.042,18,101,0.99195,3.13,0.41,10.5,5,"white"
6.7,0.23,0.31,2.1,0.046,30,96,0.9926,3.33,0.64,10.7,8,"white"
9.9,0.53,0.57,2.4,0.093,30,52,0.9971,3.19,0.76,11.6,7,"red"
6.5,0.15,0.55,5.9,0.045,75,162,0.99482,2.97,0.4,9.3,5,"white"
7.1,0.21,0.33,1.2,0.039,34,97,0.99112,3.11,0.75,11.2,6,"white"
7.5,0.305,0.38,1.4,0.047,30,95,0.99158,3.22,0.52,11.5,7,"white"
7.1,0.23,0.39,13.7,0.058,26,172,0.99755,2.9,0.46,9,6,"white"
6.4,0.32,0.23,16.2,0.055,36,176,0.9986,3.26,0.54,9.1,5,"white"
6.1,0.35,0.24,2.3,0.034,25,133,0.9906,3.34,0.59,12,7,"white"
6.1,0.24,0.27,9.8,0.062,33,152,0.9966,3.31,0.47,9.5,6,"white"
8.6,0.23,0.25,11.3,0.031,13,96,0.99645,3.11,0.4,10.8,5,"white"
7.2,0.19,0.39,1.2,0.036,32,85,0.9918,3.16,0.5,10.5,5,"white"
6.2,0.47,0.19,8.3,0.029,24,142,0.992,3.22,0.45,12.3,6,"white"
6.4,0.3,0.16,7.5,0.05,55,191,0.9959,3.17,0.49,9,5,"white"
6.7,0.27,0.12,1.3,0.041,62,138,0.9921,3.21,0.42,10,6,"white"
7.1,0.59,0,2.2,0.078,26,44,0.99522,3.42,0.68,10.8,6,"red"
8.7,0.46,0.31,2.5,0.126,24,64,0.99746,3.1,0.74,9.6,5,"red"
5.8,0.29,0.27,1.6,0.062,17,140,0.99138,3.23,0.35,11.1,6,"white"
5.9,0.55,0.1,2.2,0.062,39,51,0.99512,3.52,0.76,11.2,6,"red"
8.8,0.24,0.23,10.3,0.032,12,97,0.99571,3.13,0.4,10.7,6,"white"
6.1,0.105,0.31,1.3,0.037,55,145,0.9912,3.41,0.41,11.1,7,"white"
6.6,0.22,0.34,11.6,0.05,59,140,0.99526,3.22,0.4,10.8,5,"white"
6.3,0.22,0.33,1.7,0.041,67,164,0.9928,3.32,0.56,10.4,6,"white"
6.6,0.27,0.52,8.1,0.044,53,202,0.99548,3.18,0.48,9.5,5,"white"
7.8,0.4,0.26,9.5,0.059,32,178,0.9955,3.04,0.43,10.9,6,"white"
6.6,0.25,0.41,7.4,0.043,29,151,0.9946,3.15,0.6,10.2,7,"white"
6.3,0.36,0.19,3.2,0.075,15,39,0.9956,3.56,0.52,12.7,6,"red"
6.4,0.16,0.28,2.2,0.042,33,93,0.9914,3.31,0.43,11.1,6,"white"
8.5,0.37,0.32,1.8,0.066,26,51,0.99456,3.38,0.72,11.8,6,"red"
6.3,0.15,0.34,11.4,0.05,25,96,0.99754,3.21,0.49,10,6,"white"
6.5,0.24,0.24,1.6,0.046,15,60,0.9928,3.19,0.39,9.8,5,"white"
5.5,0.16,0.26,1.5,0.032,35,100,0.99076,3.43,0.77,12,6,"white"
7.8,0.28,0.22,1.4,0.056,24,130,0.9944,3.28,0.48,9.5,5,"white"
7.9,0.14,0.28,1.8,0.041,44,178,0.9954,3.45,0.43,9.2,6,"white"
8.4,0.35,0.71,12.2,0.046,22,160,0.9982,2.98,0.65,9.4,5,"white"
6.4,0.27,0.45,8.3,0.05,52,196,0.9955,3.18,0.48,9.5,5,"white"
6.1,0.27,0.31,3.9,0.034,42,137,0.99218,3.24,0.46,10.9,6,"white"
6.1,0.21,0.3,6.3,0.039,47,136,0.99068,3.27,0.31,12.7,6,"white"
6.3,0.34,0.31,6,0.02,18,68,0.98981,3.22,0.29,13.4,7,"white"
6.1,0.32,0.24,1.5,0.036,38,124,0.9898,3.29,0.42,12.4,7,"white"
6.9,0.45,0.27,4.7,0.035,17,80,0.99058,3.12,0.36,12.5,7,"white"
5.5,0.16,0.31,1.2,0.026,31,68,0.9898,3.33,0.44,11.63333333,6,"white"
7.4,0.21,0.8,12.3,0.038,77,183,0.99778,2.95,0.48,9,5,"white"
6.4,0.3,0.36,2,0.052,18,141,0.99273,3.38,0.53,10.5,6,"white"
6.6,0.34,0.24,3.3,0.034,29,99,0.99031,3.1,0.4,12.3,7,"white"
7.5,0.35,0.37,2.5,0.066,29,89,0.98964,3.14,0.42,12.7,6,"white"
6.6,0.33,0.24,16.05,0.045,31,147,0.99822,3.08,0.52,9.2,5,"white"
7.4,0.56,0.09,1.5,0.071,19,117,0.99496,3.22,0.53,9.8,5,"white"
6,0.28,0.35,1.9,0.037,16,120,0.9933,3.16,0.69,10.6,5,"white"
7.6,0.19,0.41,1.1,0.04,38,143,0.9907,2.92,0.42,11.4,5,"white"
6.7,0.26,0.51,8,0.062,50,194,0.99545,3.13,0.5,9.6,5,"white"
7.4,0.29,0.31,1.7,0.035,23,110,0.9926,3.07,0.38,10.9,5,"white"
7.6,0.16,0.41,1.9,0.047,27,151,0.9937,3.2,0.53,10.1,6,"white"
6.7,0.3,0.29,2.8,0.025,37,107,0.99159,3.31,0.63,11.3,7,"white"
6.6,0.52,0.44,12.2,0.048,54,245,0.9975,3.26,0.54,9.3,6,"white"
7.6,0.52,0.49,14,0.034,37,156,0.9958,3.14,0.38,11.8,7,"white"
6.6,0.27,0.33,1.4,0.042,24,183,0.99215,3.29,0.46,10.7,5,"white"
5.3,0.33,0.3,1.2,0.048,25,119,0.99045,3.32,0.62,11.3,6,"white"
6.8,0.64,0.03,2.3,0.075,14,31,0.99545,3.36,0.58,10.4,6,"red"
10.9,0.32,0.52,1.8,0.132,17,44,0.99734,3.28,0.77,11.5,6,"red"
7,0.24,0.3,4.2,0.04,41,213,0.9927,3.28,0.49,11.8,6,"white"
8.3,0.615,0.22,2.6,0.087,6,19,0.9982,3.26,0.61,9.3,5,"red"
6.1,0.36,0.33,1.1,0.05,24,169,0.9927,3.15,0.78,9.5,6,"white"
6.4,0.27,0.32,4.5,0.24,61,174,0.9948,3.12,0.48,9.4,5,"white"
6.7,0.27,0.26,2.3,0.043,61,181,0.99394,3.45,0.63,10.6,6,"white"
6.9,0.74,0.03,2.3,0.054,7,16,0.99508,3.45,0.63,11.5,6,"red"
6.5,0.26,0.43,8.9,0.083,50,171,0.9965,2.85,0.5,9,5,"white"
6.5,0.28,0.35,9.8,0.067,61,180,0.9972,3.15,0.57,9,4,"white"
7,0.32,0.27,7.1,0.027,37,122,0.99165,3.15,0.6,12.6,7,"white"
6.2,0.2,0.26,9.7,0.03,39,102,0.9908,3.08,0.56,12.9,7,"white"
5.7,0.21,0.25,1.1,0.035,26,81,0.9902,3.31,0.52,11.4,6,"white"
7.2,0.55,0.09,1.5,0.108,16,151,0.9938,3.07,0.57,9.2,4,"white"
9.5,0.55,0.66,2.3,0.387,12,37,0.9982,3.17,0.67,9.6,5,"red"
7.2,0.19,0.27,11.2,0.061,46,149,0.99772,2.99,0.59,9.3,6,"white"
5,0.33,0.16,1.5,0.049,10,97,0.9917,3.48,0.44,10.7,6,"white"
7,0.3,0.27,1.5,0.076,24,145,0.99344,3.1,0.52,10.1,5,"white"
7.7,0.39,0.34,10,0.056,35,178,0.9974,3.26,0.6,10.2,5,"white"
6.2,0.16,0.32,1.1,0.036,74,184,0.99096,3.22,0.41,11,6,"white"
7.3,0.2,0.39,2.3,0.048,24,87,0.99044,2.94,0.35,12,6,"white"
7,0.19,0.33,6.3,0.032,42,127,0.99182,3.31,0.38,12.2,6,"white"
8.3,0.34,0.4,2.4,0.065,24,48,0.99554,3.34,0.86,11,6,"red"
5.9,0.26,0.3,1,0.036,38,114,0.9928,3.58,0.48,9.4,5,"white"
9.1,0.4,0.57,4.6,0.08,6,20,0.99652,3.28,0.57,12.5,6,"red"
6.8,0.26,0.22,7.7,0.047,57,210,0.9959,3.1,0.47,9,5,"white"
6.9,0.2,0.41,1.1,0.06,36,104,0.99317,2.99,0.39,9.2,5,"white"
7.4,0.19,0.3,12.8,0.053,48.5,229,0.9986,3.14,0.49,9.1,7,"white"
8.1,0.27,0.33,1.3,0.045,26,100,0.99066,2.98,0.44,12.4,6,"white"
8.7,0.52,0.09,2.5,0.091,20,49,0.9976,3.34,0.86,10.6,7,"red"
6.4,0.27,0.19,2,0.084,21,191,0.99516,3.49,0.63,9.6,4,"white"
7.2,0.32,0.4,8.7,0.038,45,154,0.99568,3.2,0.47,10.4,6,"white"
7.1,0.68,0.07,1.9,0.075,16,51,0.99685,3.38,0.52,9.5,5,"red"
7.4,0.26,0.43,6,0.022,22,125,0.9928,3.13,0.55,11.5,6,"white"
8.2,0.36,0.29,7.6,0.035,37,122,0.9939,3.16,0.34,12,5,"white"
6,0.26,0.29,1,0.032,27,96,0.9896,3.38,0.44,12.3,6,"white"
6.8,0.23,0.4,1.6,0.047,5,133,0.993,3.23,0.7,11.4,6,"white"
6.6,0.25,0.39,1.45,0.04,40,89,0.9911,3.35,0.4,11.4,7,"white"
7.7,0.27,0.34,1.8,0.028,26,168,0.9911,2.99,0.48,12.1,7,"white"
7.7,0.62,0.04,3.8,0.084,25,45,0.9978,3.34,0.53,9.5,5,"red"
7.4,0.61,0.01,2,0.074,13,38,0.99748,3.48,0.65,9.8,5,"red"
6.9,0.3,0.49,7.6,0.057,25,156,0.9962,3.43,0.63,11,7,"white"
6.3,0.25,0.22,3.3,0.048,41,161,0.99256,3.16,0.5,10.5,6,"white"
5,0.27,0.32,4.5,0.032,58,178,0.98956,3.45,0.31,12.6,7,"white"
7.5,0.29,0.24,9.9,0.058,25,115,0.99567,3.15,0.46,10.9,5,"white"
8.3,0.14,0.36,8.8,0.026,13,60,0.9956,3.13,0.35,11.05,5,"white"
7,0.14,0.41,0.9,0.037,22,95,0.9914,3.25,0.43,10.9,6,"white"
8.1,0.31,0.36,8.2,0.028,29,142,0.9925,3.01,0.34,13,7,"white"
7.8,0.28,0.34,1.6,0.028,32,118,0.9901,3,0.38,12.1,7,"white"
6,0.23,0.15,9.7,0.048,101,207,0.99571,3.05,0.3,9.1,5,"white"
6.45,0.14,0.42,1.2,0.05,51,129,0.99116,3.27,0.69,11.1,7,"white"
7.3,0.3,0.34,2.7,0.044,34,108,0.99105,3.36,0.53,12.8,8,"white"
8.2,1.33,0,1.7,0.081,3,12,0.9964,3.53,0.49,10.9,5,"red"
8.6,0.33,0.34,11.8,0.059,42,240,0.99882,3.17,0.52,10,6,"white"
8,0.43,0.36,2.3,0.075,10,48,0.9976,3.34,0.46,9.4,5,"red"
7.6,0.23,0.64,12.9,0.033,54,170,0.998,3,0.53,8.8,5,"white"
7.4,0.16,0.3,1.4,0.064,34,166,0.99136,3.11,0.42,11.43333333,6,"white"
6.8,0.18,0.28,8.7,0.047,52,242,0.9952,3.22,0.53,10.5,6,"white"
6.2,0.25,0.31,3.2,0.03,32,150,0.99014,3.18,0.31,12,6,"white"
6.9,0.19,0.38,1.15,0.023,30,105,0.99047,3.11,0.38,11.4,5,"white"
6.3,0.32,0.17,17.75,0.06,51,190,0.99916,3.13,0.48,8.8,6,"white"
6.6,0.23,0.32,1.5,0.041,8,72,0.98949,3.22,0.39,12.7,6,"white"
7.8,0.32,0.44,2.7,0.104,8,17,0.99732,3.33,0.78,11,7,"red"
6.5,0.19,0.27,4.9,0.037,13,101,0.9916,3.17,0.41,11.8,6,"white"
6.4,0.24,0.25,20.2,0.083,35,157,0.99976,3.17,0.5,9.1,5,"white"
9.3,0.41,0.39,2.2,0.064,12,31,0.9984,3.26,0.65,10.2,5,"red"
7.3,0.24,0.43,2,0.021,20,69,0.99,3.08,0.56,12.2,6,"white"
7.7,0.25,0.49,2.5,0.047,31,169,0.99252,3.07,0.57,10.6,6,"white"
7.1,0.45,0.24,2.7,0.04,24,87,0.98862,2.94,0.38,13.4,8,"white"
7.6,0.49,0.26,1.6,0.236,10,88,0.9968,3.11,0.8,9.3,5,"red"
5.7,0.18,0.36,1.2,0.046,9,71,0.99199,3.7,0.68,10.9,7,"white"
7.3,1.07,0.09,1.7,0.178,10,89,0.9962,3.3,0.57,9,5,"red"
6.8,0.63,0.07,2.1,0.089,11,44,0.9953,3.47,0.55,10.4,6,"red"
11.9,0.58,0.58,1.9,0.071,5,18,0.998,3.09,0.63,10,6,"red"
7.1,0.22,0.49,1.8,0.039,8,18,0.99344,3.39,0.56,12.4,6,"red"
6.7,0.3,0.29,2.8,0.025,37,107,0.99159,3.31,0.63,11.3,7,"white"
8,0.28,0.42,7.1,0.045,41,169,0.9959,3.17,0.43,10.6,5,"white"
7.7,0.28,0.33,6.7,0.037,32,155,0.9951,3.39,0.62,10.7,7,"white"
6.2,0.56,0.09,1.7,0.053,24,32,0.99402,3.54,0.6,11.3,5,"red"
6.4,0.2,0.15,6.6,0.046,26,113,0.99408,2.99,0.58,9.9,6,"white"
8.5,0.19,0.56,17.3,0.055,47,169,1.00047,3.07,0.67,9.3,6,"white"
5,0.4,0.5,4.3,0.046,29,80,0.9902,3.49,0.66,13.6,6,"red"
6.3,0.41,0.33,4.7,0.023,28,110,0.991,3.3,0.38,12.5,7,"white"
9.9,1.005,0.46,1.4,0.046,34,185,0.9966,3.02,0.49,10.2,4,"white"
6.2,0.33,0.14,4.8,0.052,27,128,0.99475,3.21,0.48,9.4,5,"white"
6,0.26,0.5,2.2,0.048,59,153,0.9928,3.08,0.61,9.8,5,"white"
5.8,0.29,0.05,0.8,0.038,11,30,0.9924,3.36,0.35,9.2,5,"white"
6.9,0.27,0.4,14,0.05,64,227,0.9979,3.18,0.58,9.6,6,"white"
12.3,0.39,0.63,2.3,0.091,6,18,1.0004,3.16,0.49,9.5,5,"red"
7.4,0.25,0.36,13.2,0.067,53,178,0.9976,3.01,0.48,9,6,"white"
6.5,0.29,0.3,9.15,0.051,25,166,0.99339,3.24,0.56,11.35,6,"white"
11.9,0.38,0.49,2.7,0.098,12,42,1.0004,3.16,0.61,10.3,5,"red"
5.2,0.22,0.46,6.2,0.066,41,187,0.99362,3.19,0.42,9.733333333,5,"white"
6.1,0.28,0.24,19.95,0.074,32,174,0.99922,3.19,0.44,9.3,6,"white"
7.5,0.57,0.02,2.6,0.077,11,35,0.99557,3.36,0.62,10.8,6,"red"
6.1,0.6,0,1.3,0.042,24,79,0.9937,3.31,0.38,9.4,4,"white"
6.7,0.19,0.32,3.7,0.041,26,76,0.99173,2.9,0.57,10.5,7,"white"
6.4,0.64,0.21,1.8,0.081,14,31,0.99689,3.59,0.66,9.8,5,"red"
6.4,0.28,0.36,1.3,0.053,28,186,0.99211,3.31,0.45,10.8,5,"white"
5,0.455,0.18,1.9,0.036,33,106,0.98746,3.21,0.83,14,7,"white"
6,0.32,0.46,1.5,0.05,56,189,0.99308,3.24,0.49,9.6,5,"white"
6.2,0.3,0.42,2.2,0.036,28,128,0.9901,3.13,0.38,11.6,6,"white"
7,0.53,0.02,1,0.036,39,107,0.993,3.2,0.32,9,5,"white"
6.8,0.27,0.28,13.3,0.076,50,163,0.9979,3.03,0.38,8.6,6,"white"
6.2,0.36,0.24,2.2,0.095,19,42,0.9946,3.57,0.57,11.7,6,"red"
6.5,0.26,0.5,8,0.051,46,197,0.99536,3.18,0.47,9.5,5,"white"
7.9,0.26,0.41,15.15,0.04,38,216,0.9976,2.96,0.6,10,6,"white"
7.1,0.44,0.27,8.4,0.057,60,160,0.99257,3.16,0.36,11.8,6,"white"
6.7,0.13,0.29,5.3,0.051,31,122,0.9944,3.44,0.37,9.7,6,"white"
7.7,0.39,0.3,5.2,0.037,29,131,0.9943,3.38,0.44,11,6,"white"
6.4,0.25,0.28,4.9,0.03,29,98,0.99024,3.09,0.58,12.8,7,"white"
6.1,0.16,0.34,6.1,0.034,31,114,0.99365,3.32,0.58,10.13333333,7,"white"
5.8,0.29,0.15,1.1,0.029,12,83,0.9898,3.3,0.4,11.4,6,"white"
7.1,0.21,0.35,2.5,0.04,41,186,0.99128,3.32,0.56,12.5,6,"white"
6.4,0.23,0.39,1.8,0.032,23,118,0.9912,3.32,0.5,11.8,6,"white"
7,0.48,0.12,4.5,0.05,23,86,0.99398,2.86,0.35,9,5,"white"
6.1,0.21,0.38,1.5,0.039,37,122,0.98972,3.2,0.43,12,6,"white"
11.4,0.26,0.44,3.6,0.071,6,19,0.9986,3.12,0.82,9.3,6,"red"
7,0.26,0.26,10.8,0.039,37,184,0.99787,3.47,0.58,10.3,7,"white"
5.7,0.27,0.16,9,0.053,32,111,0.99474,3.36,0.37,10.4,6,"white"
7.1,0.31,0.3,2.2,0.053,36,127,0.9965,2.94,1.62,9.5,5,"red"
6,0.27,0.27,1.6,0.046,32,113,0.9924,3.41,0.51,10.5,7,"white"
7.6,0.645,0.03,1.9,0.086,14,57,0.9969,3.37,0.46,10.3,5,"red"
9.2,0.41,0.5,2.5,0.055,12,25,0.9952,3.34,0.79,13.3,7,"red"
7.8,0.28,0.49,1.3,0.046,27,142,0.9936,3.09,0.59,10.2,5,"white"
6.7,0.66,0,13,0.033,32,75,0.99551,3.15,0.5,10.7,6,"white"
6.6,0.39,0.38,9.7,0.053,49,226,0.99787,3.3,0.57,9.4,6,"white"
7.6,0.17,0.45,11.2,0.054,56,137,0.997,3.15,0.47,10,5,"white"
10.5,0.51,0.64,2.4,0.107,6,15,0.9973,3.09,0.66,11.8,7,"red"
6.2,0.22,0.28,2.2,0.04,24,125,0.9917,3.19,0.48,10.5,6,"white"
7.4,0.15,0.42,1.7,0.045,49,154,0.992,3,0.6,10.4,6,"white"
7.4,0.21,0.8,12.3,0.038,77,183,0.99778,2.95,0.48,9,5,"white"
7.1,0.72,0,1.8,0.123,6,14,0.99627,3.45,0.58,9.8,5,"red"
7.4,0.21,0.27,1.2,0.041,27,99,0.9927,3.19,0.33,9.8,6,"white"
6.8,0.41,0.3,8.8,0.045,28,131,0.9953,3.12,0.59,9.9,5,"white"
7,0.23,0.33,5.8,0.04,25,136,0.995,3.19,0.58,9.5,6,"white"
7.4,0.18,0.42,2.1,0.036,33,187,0.9938,3.4,0.41,10.6,7,"white"
5.6,0.5,0.09,2.3,0.049,17,99,0.9937,3.63,0.63,13,5,"red"
6.9,0.19,0.31,19.25,0.043,38,167,0.99954,2.93,0.52,9.1,7,"white"
7.4,0.2,0.36,1.2,0.038,44,111,0.9926,3.36,0.34,9.9,6,"white"
6.4,0.3,0.38,7.8,0.046,35,192,0.9955,3.1,0.37,9,5,"white"
5.7,0.18,0.22,4.2,0.042,25,111,0.994,3.35,0.39,9.4,5,"white"
6.8,0.22,0.41,6.7,0.034,39,116,0.99245,3.18,0.46,11.5,6,"white"
7.8,0.53,0.01,1.6,0.077,3,19,0.995,3.16,0.46,9.8,5,"red"
8.2,0.27,0.43,1.6,0.035,31,128,0.9916,3.1,0.5,12.3,6,"white"
7.5,0.33,0.48,19.45,0.048,55,243,1.001,2.95,0.4,8.8,5,"white"
6.8,0.17,0.32,1.4,0.04,35,106,0.99026,3.16,0.66,12,5,"white"
6.2,0.25,0.21,15.55,0.039,28,159,0.9982,3.48,0.64,9.6,6,"white"
6,0.13,0.36,1.6,0.052,23,72,0.98974,3.1,0.5,11.5,7,"white"
6,0.28,0.24,17.8,0.047,42,111,0.99896,3.1,0.45,8.9,6,"white"
7.5,0.29,0.67,8.1,0.037,53,166,0.9966,2.9,0.41,8.9,6,"white"
7,0.26,0.59,1.4,0.037,40,120,0.9918,3.34,0.41,11.1,7,"white"
8.4,0.27,0.46,8.7,0.048,39,197,0.9974,3.14,0.59,9.6,6,"white"
5.4,0.53,0.16,2.7,0.036,34,128,0.98856,3.2,0.53,13.2,8,"white"
11.1,0.44,0.42,2.2,0.064,14,19,0.99758,3.25,0.57,10.4,6,"red"
9.6,0.77,0.12,2.9,0.082,30,74,0.99865,3.3,0.64,10.4,6,"red"
7.2,0.27,0.28,15.2,0.046,6,41,0.99665,3.17,0.39,10.9,6,"white"
6.5,0.3,0.39,7.8,0.038,61,219,0.9959,3.19,0.5,9.4,5,"white"
6.3,0.2,0.58,1.4,0.204,15,97,0.9931,3.16,0.43,10,6,"white"
6.1,0.6,0.08,1.8,0.071,14,45,0.99336,3.38,0.54,11,5,"red"
6.4,0.42,0.46,8.4,0.05,58,180,0.99495,3.18,0.46,9.7,6,"white"
6.1,0.28,0.27,4.7,0.03,56,140,0.99042,3.16,0.42,12.5,8,"white"
7.5,0.24,0.62,10.6,0.045,51,153,0.99779,3.16,0.44,8.8,5,"white"
7.5,0.24,0.29,1.1,0.046,34,84,0.9902,3.04,0.39,11.45,6,"white"
6.9,0.48,0.36,3.5,0.03,31,135,0.9904,3.14,0.38,12.2,7,"white"
5.7,0.22,0.2,16,0.044,41,113,0.99862,3.22,0.46,8.9,6,"white"
7.4,0.21,0.27,1.2,0.041,27,99,0.9927,3.19,0.33,9.8,6,"white"
6.6,0.25,0.25,1.3,0.04,28,85,0.98984,2.87,0.48,11.2,6,"white"
6.3,0.41,0.22,7.3,0.035,23,117,0.99172,3.2,0.39,11.94,7,"white"
8,0.33,0.53,2.5,0.091,18,80,0.9976,3.37,0.8,9.6,6,"red"
6,0.33,0.38,9.7,0.04,29,124,0.9954,3.47,0.48,11,6,"white"
6.8,0.28,0.29,11.9,0.052,51,149,0.99544,3.02,0.58,10.4,6,"white"
7.4,0.3,0.3,5.2,0.053,45,163,0.9941,3.12,0.45,10.3,6,"white"
7.6,0.54,0.13,2.5,0.097,24,66,0.99785,3.39,0.61,9.4,5,"red"
5.8,0.3,0.09,6.3,0.042,36,138,0.99382,3.15,0.48,9.7,5,"white"
9.5,0.37,0.52,2,0.082,6,26,0.998,3.18,0.51,9.5,5,"red"
8.3,0.845,0.01,2.2,0.07,5,14,0.9967,3.32,0.58,11,4,"red"
9,0.26,0.34,6.7,0.029,21,162,0.99497,3.08,0.5,10.6,6,"white"
7.5,0.25,0.32,8.2,0.024,53,209,0.99563,3.12,0.46,10.8,6,"white"
7.3,0.2,0.29,19.9,0.039,69,237,1.00037,3.1,0.48,9.2,6,"white"
6.9,0.24,0.23,7.1,0.041,20,97,0.99246,3.1,0.85,11.4,6,"white"
5.2,0.28,0.29,1.1,0.028,18,69,0.99168,3.24,0.54,10,6,"white"
6.9,0.4,0.22,5.95,0.081,76,303,0.99705,3.4,0.57,9.4,5,"white"
6.6,0.285,0.49,11.4,0.035,57,137,0.99732,3.08,0.54,8.9,6,"white"
7.6,0.28,0.39,1.2,0.038,21,115,0.994,3.16,0.67,10,6,"white"
5.8,0.27,0.27,12.3,0.045,55,170,0.9972,3.28,0.42,9.3,6,"white"
5.9,0.29,0.32,1.4,0.022,17,47,0.9899,3.35,0.35,11.5,6,"white"
7.1,0.18,0.32,12.2,0.048,36,125,0.9967,2.92,0.54,9.4,6,"white"
7.3,0.34,0.3,9.4,0.057,34,178,0.99554,3.15,0.44,10.4,6,"white"
9.8,0.44,0.4,2.8,0.036,35,167,0.9956,2.97,0.39,9.2,5,"white"
7.3,0.3,0.25,2.5,0.045,32,122,0.99329,3.18,0.54,10.3,5,"white"
7.7,0.29,0.29,4.8,0.06,27,156,0.99572,3.49,0.59,10.3,6,"white"
6.5,0.37,0.3,2.2,0.033,39,107,0.98894,3.22,0.53,13.5,7,"white"
8.1,0.3,0.31,1.1,0.041,49,123,0.9914,2.99,0.45,11.1,6,"white"
7.5,0.41,0.15,3.7,0.104,29,94,0.99786,3.14,0.58,9.1,5,"red"
6.5,0.22,0.45,8,0.053,52,196,0.9959,3.23,0.48,9.1,6,"white"
6.2,0.2,0.31,1,0.031,22,73,0.99035,3.24,0.52,11.3,6,"white"
6.8,0.34,0.27,5.2,0.06,14,169,0.99252,3.27,0.57,11.6,6,"white"
7.6,0.9,0.06,2.5,0.079,5,10,0.9967,3.39,0.56,9.8,5,"red"
7,0.29,0.49,3.8,0.047,37,136,0.9938,2.95,0.4,9.4,6,"white"
8,0.45,0.28,10.8,0.051,25,157,0.9957,3.06,0.47,11.4,7,"white"
7.2,0.26,0.38,1.5,0.061,12,120,0.99192,3.18,0.46,10.4,5,"white"
5.4,0.415,0.19,1.6,0.039,27,88,0.99265,3.54,0.41,10,7,"white"
7.4,0.16,0.32,1.4,0.065,23,140,0.99134,3.06,0.47,11.4,6,"white"
8,0.25,0.49,1.2,0.061,27,117,0.9938,3.08,0.34,9.4,5,"white"
