per,km,zone,bonus,make,insured,claims
11.64946,2,3,2,6,669.34,42
9.615939,3,3,1,2,55.7,6
0,3,7,3,4,1.06,0
8.028129,2,7,7,5,81.78,3
11.22264,1,4,5,5,200.68,14
0,5,7,3,2,1.88,0
11.29031,3,5,2,6,64.73,6
10.16373,2,2,5,7,176.7,10
9.496196,4,4,5,8,84.36,7
11.04628,2,4,6,4,347.66,10
10.91845,3,2,6,5,233.04,14
11.19188,3,3,6,5,285.97,13
11.02997,2,1,4,7,107.37,9
8.952347,2,6,2,7,86.44,4
11.55087,1,1,4,1,318.48,29
9.919016,2,4,1,8,44.59,8
12.26942,1,3,1,6,859.95,64
7.003974,3,5,4,2,28.66,1
13.00003,3,2,7,2,1778.53,97
11.92332,2,2,2,5,168.09,33
11.20599,2,3,7,4,917.17,19
0,1,7,1,8,1.04,0
11.07239,1,2,6,5,260.69,14
10.27488,4,2,3,1,126.64,11
10.9783,2,2,2,3,52.69,11
11.6465,1,6,7,2,606.55,16
8.57206,4,4,4,3,56.09,3
10.37863,2,1,5,5,149.71,15
11.30793,2,7,6,9,453.04,9
7.189922,1,2,3,8,13.3,1
7.283448,3,7,7,5,37.96,1
10.35593,3,5,1,4,12.55,1
0,4,7,4,2,3.47,0
10.88132,1,3,3,6,463.6,20
11.94338,2,2,1,4,434.05,45
12.33242,3,7,7,9,1720.36,57
12.03502,3,6,7,3,1078.25,32
10.49944,2,5,7,4,207.66,6
9.871274,4,6,7,7,314.96,7
12.76457,2,3,7,7,2416.4,83
10.6046,2,6,6,8,137.44,5
7.713338,5,4,4,5,34.38,1
11.82147,1,2,4,1,320.47,16
9.290537,3,5,2,5,23.38,5
13.26877,2,1,1,1,638.51,148
9.197052,1,5,4,3,9.31,1
9.218904,4,6,6,8,84.33,2
0,4,5,2,4,3.6,0
8.675222,1,3,6,3,119.17,2
11.79784,3,2,6,3,318.67,21
12.24924,1,6,7,7,914.58,27
11.13689,3,1,7,8,306,7
12.37087,5,3,7,3,676.38,28
12.78068,2,6,1,6,444.98,50
11.66704,5,6,4,9,393,24
11.42011,2,2,1,2,98.43,22
12.77203,2,5,3,9,1710.73,101
10.05221,4,6,4,1,103.11,8
8.471987,5,1,6,6,47.19,4
9.614672,2,3,2,4,422.88,17
12.08443,2,6,7,2,1358.02,47
9.855137,5,1,1,1,39.38,8
6.659294,5,5,3,3,3.24,1
10.44944,3,2,7,4,257.82,12
12.11528,2,3,6,6,834.26,38
8.806124,1,5,6,7,92.99,5
13.6632,3,3,3,9,2786.03,190
8.903543,5,4,1,7,16.11,4
9.084097,5,2,2,3,29.54,3
0,4,3,1,8,5.77,0
8.071219,1,5,5,6,141.81,2
7.585281,5,6,6,7,25.64,1
0,3,7,5,4,3.56,0
6.774224,5,6,7,4,19.5,1
10.08577,4,2,5,2,67.63,8
10.76365,5,1,5,2,65.64,10
11.72096,1,3,2,4,1187.43,30
12.67947,4,2,5,9,1305.83,99
12.89229,2,1,7,3,1538.74,49
12.12334,4,1,6,1,344.68,32
9.628656,2,1,6,4,210.91,4
7.577634,5,6,3,6,38.64,2
11.56434,5,1,6,8,55.74,8
0,3,7,2,2,3.27,0
0,1,7,2,5,2.1,0
0,5,7,2,2,0.72,0
14.24066,3,2,7,1,6206.24,291
8.573952,5,6,2,6,31.15,2
0,5,5,3,6,9.01,0
10.31407,2,1,3,7,88.04,11
10.35593,5,7,7,1,51.24,1
14.2327,5,6,7,9,6392.6,317
10.54102,1,3,3,1,357.43,18
0,5,5,2,4,0.1,0
11.81431,4,4,6,8,179.44,15
9.435163,4,4,3,5,49.59,6
0,3,7,6,4,6.03,0
12.34594,3,2,2,1,304.17,33
10.73664,5,6,6,8,102.98,7
13.02206,1,5,7,1,2257.49,80
10.92587,4,3,1,1,70.13,12
7.941296,2,5,1,3,14.58,1
10.34294,3,2,4,2,115.52,13
11.1632,3,1,6,6,303.79,20
9.729908,4,1,2,1,77.53,6
14.57344,3,4,2,9,5179.78,407
13.55936,1,5,6,9,3251.89,165
9.178024,1,7,4,9,225.35,5
12.8298,5,2,7,1,1110.45,65
11.84101,5,3,7,2,520.94,29
6.908755,5,1,3,6,18.96,1
10.65427,3,1,1,8,12.91,3
11.77126,3,1,5,1,480.43,41
12.97241,4,1,4,9,766.14,71
0,4,6,6,4,6.7,0
0,1,5,2,3,4.2,0
8.961623,2,2,1,8,25.01,5
0,2,6,4,3,28.52,0
13.71615,3,1,4,9,2419.59,209
11.80015,2,1,6,2,329.74,29
7.558517,2,7,4,5,6.14,1
11.08477,2,1,3,4,234.48,13
6.398595,1,2,2,8,17.88,1
8.531688,2,7,1,6,20.84,4
9.094817,4,3,2,7,19.31,4
10.40726,4,1,6,7,51.85,3
0,4,7,5,4,1.36,0
11.88415,2,1,6,8,56.96,9
0,4,6,1,4,2.32,0
9.77355,4,1,5,3,48.99,7
7.478735,3,7,6,6,13.08,1
0,4,5,5,4,0.75,0
13.5473,2,5,6,9,3457.83,162
11.37839,2,1,6,7,269.81,9
10.97365,3,3,5,7,130.94,9
12.27613,1,4,4,1,573.86,29
10.20611,2,3,5,2,172.42,12
8.417594,5,4,5,5,50.41,2
8.777555,2,6,3,4,106.79,3
10.14321,4,6,2,1,93.52,11
0,5,5,2,1,17.77,0
0,4,5,1,7,1.14,0
13.34629,5,2,6,9,2109.22,172
8.942853,4,4,4,7,50.19,3
7.89618,5,2,2,7,11.17,1
10.88161,2,6,3,6,372.07,10
5.717028,3,7,1,1,3.39,1
10.13974,5,4,6,7,107.83,8
14.13468,1,2,4,9,4957.56,269
11.10057,1,4,3,4,1447.58,25
0,5,7,5,3,1.1,0
7.76684,4,6,1,3,7.13,1
10.82114,2,1,5,3,137.19,6
0,2,5,5,3,32.05,0
8.916238,5,3,1,8,4.46,2
12.50696,3,3,2,1,354.49,43
12.36455,3,1,6,3,300.23,47
9.811756,2,4,4,2,229.51,8
7.73587,4,2,5,3,44.13,1
7.509883,4,5,2,1,22.43,1
6.901737,4,1,5,4,10.91,1
9.48509,1,1,3,8,17.86,3
12.17807,2,1,6,5,336.02,30
10.50348,3,6,6,7,136.87,11
10.35593,5,6,1,3,3.22,1
9.728062,1,4,4,5,135.49,6
13.26967,2,4,6,1,3057.73,116
9.239996,3,4,2,3,61.91,2
13.04725,2,2,7,7,2125.92,91
11.423,5,4,7,7,542.86,23
6.803505,4,1,3,7,18.59,1
10.55953,4,1,2,6,32.02,3
13.33221,1,5,2,9,2694.25,174
6.077642,5,2,3,7,13.41,1
13.10745,2,4,1,6,1295.44,109
11.99953,2,1,1,4,398.58,55
6.810142,3,7,1,5,1.34,1
11.463,5,4,6,5,133.59,13
11.5812,5,5,5,9,234,22
11.16361,5,1,1,2,33.22,14
9.379914,2,2,6,4,192.9,7
14.28397,2,1,5,9,5373.06,363
10.35593,5,6,3,5,10.67,1
11.862,2,2,2,2,117.12,19
14.22506,2,3,5,9,6442.14,324
11.03395,3,1,2,3,69.26,14
10.35593,3,7,7,3,29.99,1
8.868413,3,3,1,7,37.76,5
12.22605,3,3,6,1,1211.8,55
9.86058,3,2,1,8,15.44,4
0,5,7,4,2,1.2,0
10.12811,1,2,6,2,175.14,10
0,2,7,5,6,17.21,0
10.45377,5,2,3,3,28.18,3
0,4,7,2,5,0.5,0
12.03398,5,4,6,8,242.78,15
12.19191,2,3,4,1,679.01,38
14.46354,3,1,1,9,2375.34,456
8.59434,5,6,3,1,63.63,2
9.39914,1,4,4,2,103.82,4
9.181323,3,6,2,8,26.94,2
11.30313,4,4,3,1,324.35,21
13.91794,2,4,1,1,1493.99,226
12.68907,2,3,7,3,2180.19,59
10.27746,3,2,1,7,41.12,7
7.497207,5,6,6,5,39.6,1
10.38486,5,4,1,3,32.35,2
14.0527,1,1,4,9,4263.09,300
12.91098,2,6,1,1,572.91,85
11.59342,2,2,6,2,358.55,22
14.77602,5,2,7,9,8729.83,517
14.24045,4,4,6,9,5553.54,255
7.098376,1,3,2,3,22.59,3
16.01024,1,1,7,9,48264.64,1875
11.09101,1,2,6,6,593.18,17
12.36875,2,4,3,5,280.1,23
10.60316,4,4,1,3,30.77,5
8.39299,4,6,1,7,7.17,2
11.26069,1,4,4,4,970.81,20
10.14089,3,6,4,6,163.02,7
9.338294,5,3,5,3,48.59,6
9.002085,1,5,4,5,27.77,4
0,4,7,7,6,38.27,0
13.10099,4,4,4,9,1907.97,101
8.46337,3,3,4,5,93.52,3
12.50634,3,5,3,9,696.56,44
11.87699,1,1,7,2,659.54,24
12.71659,5,4,7,6,1291.12,50
10.62636,3,7,7,1,288.36,12
10.86048,1,1,3,7,66.36,9
11.03512,5,3,7,6,523.39,14
8.9422,3,2,5,8,49.52,1
12.06259,3,3,3,6,250.19,20
9.83226,3,1,1,3,60.42,8
0,5,6,2,2,8.04,0
12.68204,2,6,7,6,3172.45,55
13.32718,5,4,7,1,2946.7,122
0,1,3,4,3,27.97,0
0,3,7,5,6,13.81,0
8.794976,5,7,3,9,23.65,2
11.36394,4,4,5,1,481.3,30
11.52329,3,4,1,6,395.86,34
9.345308,2,3,6,4,193.65,6
10.66165,5,4,1,6,50.65,5
0,1,1,4,8,12.74,0
0,4,3,6,4,17.48,0
10.39904,2,7,7,6,193.89,3
10.80934,3,2,1,2,52.01,6
11.70517,4,3,7,8,470.4,22
10.95457,1,1,5,6,232.55,11
9.773664,2,5,4,7,50.32,5
12.5158,1,2,7,5,1289.09,53
9.318746,2,2,4,4,198.46,6
7.937732,2,7,3,7,8.4,1
0,1,7,7,7,46.47,0
11.10814,3,7,1,9,78.57,6
10.6542,1,4,6,3,234.01,8
11.52642,2,4,7,4,1818.17,33
0,5,7,7,4,2.35,0
0,4,6,1,2,8.18,0
11.40507,4,6,7,5,335.13,16
13.80235,3,2,3,9,2607.48,222
9.774233,3,6,2,7,48.04,6
0,5,6,5,8,32.78,0
10.93619,4,6,1,9,282.66,22
0,3,6,5,4,23.74,0
8.537192,3,1,1,7,24.92,4
8.452121,3,6,1,8,15.77,4
12.51511,2,6,2,1,503.2,51
9.185433,4,2,6,5,91.55,8
9.519662,3,6,5,2,84.29,6
12.58961,5,3,7,1,1291.25,41
10.54949,1,4,3,7,153.11,5
9.598049,5,1,1,6,10.55,2
11.2398,2,1,2,7,94.39,8
9.03563,2,3,1,8,23.45,2
12.37958,4,3,1,9,499.28,52
9.468697,1,4,4,3,49.14,2
0,4,3,4,4,9.02,0
0,2,7,1,2,3.06,0
10.86571,3,2,3,6,211.42,12
10.996,1,1,6,4,517.31,16
11.89836,5,2,7,5,254.68,20
14.626,5,1,7,9,5539.09,416
10.72351,4,3,4,1,181.06,9
0,4,7,3,1,3.23,0
10.32016,3,2,2,6,201.2,13
10.91736,1,5,7,3,300.78,9
13.63654,2,4,7,2,4430.43,153
11.03965,5,6,4,1,69.43,11
10.59783,1,4,2,5,189.27,17
0,4,4,1,2,26.09,0
8.863474,4,2,4,2,41.49,3
9.482503,3,1,5,5,102.56,3
8.12947,5,3,4,7,12.37,1
9.832421,2,2,3,7,139.62,9
11.50721,3,3,6,8,140.81,11
8.578476,5,1,1,5,5.83,1
11.76407,2,4,2,7,250.94,18
10.47554,2,5,1,7,40.3,5
9.672879,2,7,4,9,258.15,5
8.670772,5,3,7,4,35.33,2
10.5389,2,2,4,6,390.18,15
8.411166,1,1,5,7,81.27,3
9.502711,4,6,6,5,64.77,3
9.372714,3,7,4,7,1.9,3
0,4,7,6,1,18.06,0
7.924072,2,5,4,4,35.98,1
9.662307,3,2,1,4,72.26,10
12.66704,1,4,7,7,3252.99,86
10.35593,5,5,1,8,2.49,1
7.578657,4,6,4,3,18.18,1
9.86931,1,3,2,2,54.58,8
12.04783,2,4,4,6,873.94,33
9.401456,4,3,1,6,47.61,5
12.8979,3,1,6,1,1110.72,84
9.36246,2,7,5,9,267.12,8
0,5,5,4,6,13,0
11.70743,2,3,1,4,461.44,33
11.51156,2,5,5,1,290.33,17
9.167537,2,6,5,2,96.83,4
11.86458,2,1,3,2,121.49,17
8.852379,5,1,6,5,42.25,4
10.819,2,2,6,3,286.92,14
8.114025,3,2,5,4,37.92,2
15.1549,2,4,6,9,19012.21,728
11.86923,2,5,7,2,606.13,27
9.267949,4,6,3,6,58.02,3
10.72518,2,3,4,5,155.48,8
7.938446,2,1,5,8,29.02,2
11.09154,3,4,5,6,575.18,17
7.36328,5,5,5,3,21.19,1
0,3,7,2,6,10.07,0
0,3,6,4,3,28,0
11.52112,2,2,2,6,523.36,22
9.157783,4,4,3,7,48.55,5
0,1,6,2,3,14.01,0
0,3,5,2,3,9.1,0
0,5,5,4,8,11.07,0
10.60309,1,1,5,3,53.81,5
10.85792,1,5,3,1,122.86,8
9.736429,1,2,3,2,64.53,4
11.64338,4,4,5,6,228.49,12
10.44197,1,4,1,8,48.77,4
11.60251,3,5,7,5,367.21,21
0,4,5,5,6,25.69,0
8.788898,1,1,2,8,15.25,2
8.703009,2,7,7,2,126.12,1
8.555067,2,6,1,3,23.13,1
11.26387,2,3,5,6,515.69,17
14.58966,3,2,6,9,7232.56,477
11.9855,1,4,7,8,768.54,23
10.60334,3,5,4,1,122.77,6
11.93783,1,4,2,4,2037.95,48
10.80004,2,5,5,5,77.17,5
0,5,6,1,7,6.17,0
13.04278,3,4,2,1,759.38,75
9.222467,3,5,3,6,69.25,4
9.70802,2,5,4,6,151.72,7
11.80821,2,4,6,5,722.62,37
13.34126,1,3,7,6,4964,121
12.25403,2,1,7,4,806,31
11.99108,2,4,5,5,390.21,15
9.475163,3,4,2,8,33.05,3
10.73603,2,4,3,2,177.33,5
10.35593,3,5,5,8,29.33,1
12.56705,2,3,2,1,700.59,74
10.61695,2,6,5,5,122.15,12
9.823145,1,3,5,4,517.24,8
11.08079,2,5,3,1,231.22,23
7.252054,2,7,2,4,22.69,1
9.988885,5,4,2,6,106.18,7
10.35593,3,3,1,8,14.17,1
10.73099,4,4,5,3,93.2,4
7.520776,5,1,5,6,22.92,1
11.15702,3,4,3,4,120.58,3
14.15329,2,3,7,1,10469.92,325
9.243388,4,3,3,7,18.55,3
0,3,1,2,8,13.03,0
11.30286,3,1,1,4,60.89,10
9.26587,5,4,5,2,104.4,5
0,2,7,5,4,8.92,0
15.63579,1,2,1,9,11381,1326
9.256556,3,4,1,3,52.97,5
0,1,7,2,2,3.41,0
16.1131,2,2,7,9,54421.4,2087
12.05288,3,6,1,1,187.75,35
0,2,3,3,3,55.59,0
7.9179,5,1,1,8,8.91,4
10.35593,4,6,2,7,10.96,1
11.01955,2,5,1,6,182.69,15
0,1,3,3,3,18,0
0,4,1,4,7,16.77,0
11.80785,4,2,4,1,138.08,16
0,1,7,5,3,1.69,0
11.34232,4,3,6,2,135.72,14
0,4,6,4,2,22.01,0
0,4,7,3,2,1.61,0
0,4,7,2,7,0.2,0
9.081142,3,5,1,7,10.26,4
6.971669,5,4,1,5,19.48,2
10.6002,5,4,3,6,106.79,5
9.175438,4,1,2,2,29.09,5
11.40937,1,3,2,1,317.1,25
0,2,7,6,4,8.68,0
11.82253,2,2,2,4,408.69,22
9.043577,4,6,4,7,19.28,2
10.20688,4,1,7,6,395.47,10
9.601639,1,1,3,5,73.48,6
11.13104,2,3,1,7,142,14
11.97055,4,2,6,2,166.21,17
9.621986,3,6,1,2,24.04,4
12.79448,4,2,4,9,903.99,70
13.08519,1,5,3,9,1993.33,117
0,5,2,4,5,14.32,0
9.440658,3,1,3,8,16.35,3
0,4,3,3,8,7.26,0
10.67445,3,6,4,7,58.78,5
8.412499,5,5,6,2,21.61,2
11.33275,2,4,3,8,61.36,6
8.463581,3,7,6,1,31.22,2
0,3,5,6,4,13.33,0
12.16334,4,6,4,9,525.48,29
8.497195,1,5,5,2,23.75,2
7.453562,5,1,4,5,16.54,1
13.09002,2,1,2,1,605.01,86
8.2247,5,2,5,6,38.73,3
13.98892,1,4,4,9,8785.71,291
8.238537,3,1,4,7,59.11,2
0,4,7,1,7,0.6,0
0,4,7,2,1,3.7,0
10.84117,1,2,2,7,93.29,8
10.83269,3,5,6,2,79.26,10
13.59493,5,1,1,9,643.63,172
9.101975,5,1,7,7,102.4,5
0,4,5,1,3,1.93,0
11.39077,2,2,3,4,294.06,14
10.45473,2,4,4,4,364.11,11
11.99474,5,4,6,1,541.77,32
11.95475,4,2,7,2,708.77,43
14.56091,2,4,4,9,9689.88,445
0,5,5,2,8,3.41,0
0,3,5,2,7,15.78,0
10.24881,1,3,5,5,136.08,8
15.69597,2,1,1,9,6792.88,1410
13.91352,3,3,5,9,3795.31,233
12.27379,1,1,2,1,314.58,45
9.053336,1,6,5,7,64.53,3
9.34014,5,6,6,6,75.36,2
7.4793,4,4,2,4,35.07,2
9.567245,5,4,6,2,215.82,6
11.99711,2,1,3,6,318.69,21
10.7684,1,3,3,5,119.21,6
8.41671,2,2,3,8,28.91,2
11.6433,1,5,7,5,583.99,18
11.37138,2,4,4,7,241.3,12
0,5,5,5,6,10.81,0
7.41998,1,5,1,2,15.53,2
16.10643,1,3,7,9,65617.47,1865
9.167433,5,4,1,8,15.57,1
8.265393,5,4,4,8,56.83,2
8.928243,2,5,3,7,46.96,4
14.9632,1,4,2,9,14648.2,645
0,4,7,5,2,1.5,0
16.55894,1,4,7,9,127687.2,2894
12.7169,3,4,1,1,559.52,82
0,3,6,3,7,46.17,0
7.19143,1,7,6,4,36.23,1
0,4,5,2,5,4.65,0
8.345693,4,6,3,3,9.16,2
12.80501,1,5,4,9,1592.59,74
0,4,5,3,8,1.86,0
9.407058,3,6,4,2,44.31,5
11.07099,1,3,6,4,639.97,12
8.57697,5,2,1,4,6.92,2
0,2,7,3,3,1.96,0
12.17387,3,4,6,6,969.68,40
0,5,7,2,6,1.32,0
8.64629,4,2,5,5,37.01,2
8.735847,1,3,6,8,53.41,3
0,4,7,3,5,0.7,0
10.7435,2,6,1,4,197.5,8
8.930494,3,3,6,4,69.85,4
0,5,7,5,4,0.34,0
11.0439,1,6,6,6,424.38,12
11.9369,1,1,7,7,1111,37
9.87483,2,6,7,4,417.82,9
8.169336,5,1,4,7,9.94,1
10.72766,2,5,6,6,265.29,11
0,3,7,5,8,1.16,0
0,1,7,5,8,0.9,0
8.594895,1,6,2,2,33.6,2
8.734721,4,3,1,3,23.46,2
7.315884,4,5,6,2,30.74,1
12.51333,4,4,2,1,269.84,31
9.105757,1,2,1,2,72.78,5
13.30392,4,1,3,9,729.62,88
7.496097,4,2,6,4,16.52,1
10.25524,3,4,5,7,240.02,14
0,4,1,6,4,15,0
11.17567,2,6,6,2,209.98,6
11.23555,2,2,6,6,710.28,32
12.27235,2,1,4,1,597.21,55
8.63888,3,1,2,7,42.93,3
9.367771,4,3,5,7,40.18,5
10.88515,5,4,4,1,230.03,9
8.941022,4,5,1,6,12.36,2
11.39596,1,2,6,4,601.61,16
0,2,7,5,5,4.96,0
13.30043,2,6,4,9,2926.5,138
11.67644,1,3,6,6,740.33,24
10.08693,5,6,7,7,147.94,7
11.82778,1,1,6,6,482.96,19
12.21306,1,2,7,4,3293.99,60
12.84141,3,3,7,2,1681.52,71
14.20291,2,3,4,9,5496.81,323
7.320527,1,7,7,2,50.12,1
0,3,7,1,8,0.15,0
10.42783,4,2,1,2,18.13,3
10.37845,2,6,4,4,92.99,2
13.05727,2,3,7,5,2435.19,86
11.28434,1,3,1,2,67.13,9
11.69002,1,1,1,5,191.01,40
10.43194,1,4,1,3,55.08,3
7.601402,5,1,7,4,21.22,1
12.2882,3,5,7,2,457.25,25
0,5,7,6,1,8.47,0
9.667069,5,3,1,3,17.73,3
0,2,6,3,3,22.76,0
12.77646,2,3,7,2,2071.24,68
0,4,5,1,4,0.13,0
10.39922,3,5,5,6,88.3,2
12.60949,1,5,5,9,1752.09,86
7.838738,2,5,3,2,32.05,1
12.44396,3,2,7,5,1214.18,67
8.517393,1,7,4,2,2.31,1
0,5,7,5,5,0.7,0
0,5,5,5,8,12.05,0
8.232174,4,6,3,5,11.33,1
6.426488,3,5,1,5,16.22,1
9.270965,4,2,3,7,26.02,3
11.79001,1,6,7,8,347.4,15
0,1,7,2,7,2.22,0
10.85806,1,5,1,7,47.82,6
8.50593,3,6,3,5,54.01,4
10.35593,4,5,4,2,9.24,1
10.60497,2,4,4,5,318.83,12
9.142704,3,3,5,3,107.24,6
11.81253,1,1,3,1,309.98,24
12.01951,1,2,7,2,852.8,33
11.88504,3,5,7,6,633.37,19
10.02725,3,4,3,2,140.89,6
9.285633,5,1,4,6,20.67,3
9.552866,1,1,7,8,166.61,6
13.2473,2,4,2,6,1299.16,65
10.72545,1,2,1,3,33.23,7
5.003946,4,2,2,3,17.27,1
12.02348,2,4,3,6,1084.19,46
7.833996,2,6,1,2,44.41,2
0,3,6,3,4,30.88,0
0,5,3,3,4,5.58,0
11.19222,1,6,2,6,436.38,14
10.04724,3,1,3,5,60.44,8
7.99497,4,6,5,3,31.2,1
10.37446,3,5,5,2,39.3,2
13.53599,2,6,5,9,3279.28,146
13.38951,5,1,6,9,1623.22,154
8.641002,1,6,1,2,38.25,3
11.95572,2,6,2,6,455.65,33
13.01892,2,1,3,1,599.51,78
6.822197,4,1,3,4,12.01,1
10.03434,5,4,6,6,226.28,10
6.393591,1,3,2,8,21.56,1
11.49416,1,1,4,4,374.28,20
8.734238,1,5,6,4,177.67,4
6.552508,3,2,2,4,74.01,1
12.76838,2,2,2,1,638.08,83
10.35593,2,7,3,6,18.54,1
10.73474,2,4,6,7,656.37,17
0,4,7,5,3,0.2,0
8.183397,2,7,7,4,59.08,1
10.0734,3,3,4,7,93.86,6
0,2,7,6,7,13.38,0
11.83315,5,6,7,2,313.49,18
11.82248,1,3,4,1,338.37,19
13.86306,1,1,7,1,5430.48,214
11.07257,3,4,6,7,483.93,22
11.66172,3,4,6,5,520.21,26
14.32971,1,4,5,9,9849.89,324
10.87324,3,1,1,5,53.3,10
0,3,1,4,4,44.78,0
10.74361,5,1,3,2,36.47,8
12.03452,3,1,1,6,104.58,13
7.04316,1,3,5,8,26.11,1
0,3,7,2,1,19.19,0
6.929517,2,7,7,8,31.36,1
7.291656,5,2,4,3,26.66,1
9.145162,4,4,4,8,55.6,4
0,4,7,2,4,1.76,0
8.630343,5,5,6,7,13.65,3
9.180912,4,5,7,8,149.13,3
8.517393,4,7,6,5,2.7,1
12.87675,2,6,7,7,1369.78,54
0,4,6,4,4,3.26,0
10.85834,5,1,2,3,40.44,6
7.853993,5,6,4,2,13.47,1
10.21508,4,3,6,6,143.88,11
9.918622,2,3,1,2,88.45,10
11.86736,1,3,4,4,571.94,23
10.69639,4,3,4,5,31.21,6
0,4,2,3,4,16.24,0
12.38901,4,4,7,6,2288.5,62
6.685861,5,4,4,4,12.54,1
0,2,7,3,8,0.35,0
9.725019,2,5,6,2,128.85,8
8.427706,4,1,2,5,18.74,3
9.94956,2,1,4,5,111.64,11
10.56,1,6,4,7,45.35,4
9.541944,4,6,1,5,8.74,2
14.42568,1,2,6,9,9830.72,413
10.72977,3,3,2,2,56.21,7
0,4,2,2,4,14.44,0
6.937314,1,5,2,8,12.15,1
11.94984,2,3,2,5,177.47,27
0,5,7,3,5,0.04,0
11.43575,2,1,2,6,349.2,27
13.12911,2,2,7,6,3817.88,96
10.6598,2,2,3,5,154.39,20
5.736572,3,2,3,8,21.15,1
0,4,7,6,7,2.85,0
9.394577,5,2,4,1,75.09,3
12.34249,1,3,7,4,3712.23,67
10.51886,5,3,5,1,149.79,8
13.84646,3,6,7,1,4739.07,156
7.946618,5,4,2,4,11.9,1
10.46059,2,3,5,3,104.52,4
14.98601,4,2,7,9,12169.67,598
11.52033,3,1,6,2,327.3,32
8.232972,5,1,4,8,21.16,3
8.349011,5,5,2,5,6.13,1
9.817058,4,4,2,2,44.88,4
8.38936,1,1,3,3,32.02,3
9.386392,4,6,2,6,70.7,3
8.777247,5,5,3,8,10.94,2
0,3,7,5,5,7.44,0
12.02225,2,1,1,6,354.26,48
12.37012,3,6,7,2,1134.37,45
13.95356,2,6,7,1,6871.94,219
10.41364,3,7,2,9,111.66,10
9.0524,1,2,4,7,72.05,3
9.498672,5,2,5,1,122,2
0,1,7,1,2,4.05,0
11.61604,4,4,6,2,284.51,12
14.46136,2,2,3,9,5783.55,453
7.901377,1,5,4,8,7.77,1
11.83377,1,3,2,6,617.11,40
12.99156,5,2,1,9,451.09,87
9.986357,3,3,2,7,55.78,6
0,4,5,5,2,13.54,0
0,3,7,6,7,10.27,0
10.5451,5,3,5,2,58.08,5
11.0438,2,1,2,3,94.57,12
10.27932,2,5,2,6,208.24,12
5.968708,2,5,6,4,43.29,1
6.979145,4,7,3,6,5.43,1
10.48049,4,5,6,3,38.5,3
9.91818,1,2,4,5,72.4,7
8.716536,5,7,5,1,5.98,2
9.263312,4,1,2,3,36.39,6
10.9193,2,2,4,7,120.11,9
10.35593,1,3,3,8,14.21,1
11.62851,5,7,7,9,384.87,16
11.16239,1,4,6,5,481.63,16
13.57433,1,6,3,9,3558.48,131
12.72926,1,2,1,4,1544.55,101
12.03945,2,6,3,1,507.75,35
8.722743,4,6,3,8,11.8,1
8.659213,4,5,3,2,10.98,1
11.94361,1,1,7,3,657.34,22
12.71348,2,1,7,2,1407.85,67
8.520189,1,3,3,2,62.87,3
7.03966,4,7,6,3,4.06,1
12.59369,3,4,4,1,930.38,53
11.59173,1,7,1,9,560.17,38
13.13418,5,1,2,9,697.77,122
11.72771,4,5,7,1,593.04,21
7.593878,5,4,3,5,35.34,1
0,3,5,1,8,8.14,0
12.01347,1,6,1,5,134.82,31
0,4,6,2,2,7.56,0
10.23405,2,3,6,8,126.83,8
8.982687,1,7,6,2,7.55,2
0,5,2,4,4,4.81,0
0,5,5,2,6,5.16,0
0,5,6,3,4,2.3,0
10.64533,4,6,2,5,11.91,3
11.61302,5,2,6,5,64.51,7
0,5,2,1,7,5.5,0
9.018695,1,2,3,3,27.24,2
9.803778,3,6,5,8,61.13,3
10.61239,2,1,4,8,23.1,3
10.35593,5,2,4,6,38.4,1
0,4,3,5,8,38.26,0
10.98858,3,1,2,6,139.64,9
9.612734,2,4,3,3,107.04,4
10.77038,2,1,4,2,129.44,7
0,5,7,2,1,2.25,0
8.529517,5,3,2,3,27.4,3
11.0613,3,2,6,7,229.04,16
9.55641,4,6,5,1,129.17,5
13.26854,1,4,1,4,2751.7,98
0,4,7,1,1,2.25,0
11.83475,2,1,6,6,576.63,24
11.96954,5,2,7,3,611.99,34
0,5,5,3,1,20.03,0
0,4,7,5,8,1.28,0
9.027379,5,1,3,7,8.71,2
0,5,3,3,8,11.92,0
7.759614,4,5,3,1,28.65,3
10.43147,2,3,3,5,162.92,17
0,5,5,2,7,2.39,0
8.987322,5,2,3,6,22.94,1
11.07468,1,5,5,7,44.08,3
12.01107,3,2,5,1,577.94,44
10.16566,1,5,6,1,394.91,9
11.84306,4,4,3,6,164.43,15
12.87154,5,6,6,9,1203.01,65
0,5,2,6,4,5.76,0
0,1,7,4,4,27.66,0
9.810385,2,1,5,4,156.34,11
9.387398,1,3,3,7,104.36,6
9.849243,2,2,4,5,151.85,10
10.85337,5,2,3,1,71.9,8
11.07113,1,2,2,6,470.62,30
10.43732,4,4,3,8,28.33,2
10.75699,2,3,4,4,173.48,11
8.190077,1,2,5,3,46.27,2
8.896451,4,7,3,9,31.66,3
0,4,3,5,4,12.63,0
10.35593,4,6,7,4,35.59,1
11.67336,3,6,4,1,300.59,17
11.23027,4,6,6,1,269.86,15
8.605387,4,6,4,5,15.31,2
10.79483,1,1,2,7,70.44,7
11.48217,4,5,6,1,136.9,12
0,5,4,6,4,11.39,0
0,5,6,2,3,10.73,0
11.8625,5,2,7,8,389.67,20
8.784928,5,3,5,7,23.38,2
0,3,7,6,2,14.4,0
9.351058,3,2,3,4,67.62,4
11.58705,4,3,6,1,502.26,23
10.71141,3,1,5,6,159.79,15
12.44217,2,2,1,6,516.01,51
7.693482,4,4,5,4,21.78,1
8.35632,3,3,5,4,53.95,2
13.21284,2,3,1,1,703.88,120
0,4,7,6,4,2.81,0
11.9808,1,2,7,7,1369.91,35
0,5,1,3,4,4.03,0
12.10263,1,1,7,5,1119.12,41
8.008366,2,7,1,4,28.33,1
9.208338,4,5,1,2,3.98,2
11.02692,1,5,1,4,454.21,15
6.908755,1,5,4,2,16.48,1
11.81514,2,2,6,5,398.56,21
0,5,4,5,4,10.46,0
10.35847,1,7,5,9,278.75,13
9.062884,5,7,1,9,14.77,2
11.13479,5,2,2,1,53.04,10
0,5,7,3,7,0.58,0
10.76834,4,5,7,2,158.87,11
9.691717,1,4,6,2,298.73,5
10.46809,5,5,4,1,20.61,3
12.25318,4,1,7,2,567.56,35
0,4,7,6,8,1.58,0
11.49498,3,1,4,1,336.16,29
9.06774,4,3,1,4,11.23,1
0,3,6,4,4,19.33,0
8.912204,4,6,6,7,52.7,5
9.729313,2,7,7,1,420.95,7
6.440947,4,7,4,1,4.29,1
9.843047,4,3,6,8,82.11,4
9.430279,1,6,2,4,563.21,7
11.02829,1,3,3,4,849.23,25
10.87712,1,2,5,6,316.15,11
8.493925,5,6,2,7,9.18,1
0,1,6,4,3,15.77,0
9.698061,3,1,4,3,75.71,3
12.54711,5,3,5,9,1054.73,69
10.21837,4,1,7,8,163.53,8
7.696213,1,7,3,6,13.92,1
8.693664,3,3,3,4,71.03,2
13.10896,2,1,7,6,2848.53,111
0,4,7,5,6,2.74,0
11.40881,4,1,4,1,105.73,15
8.216088,5,1,1,7,4.18,2
0,2,7,4,3,2.11,0
10.50155,3,2,5,5,114.6,12
11.46418,2,2,7,4,859.65,23
9.904087,1,1,5,5,117.91,3
9.578588,4,1,3,1,85.77,4
0,1,7,3,5,3.31,0
0,5,7,6,8,1.96,0
10.64318,3,5,7,7,386.49,14
11.75564,3,2,3,1,346.82,28
7.313887,4,4,3,4,17.58,1
10.95614,3,1,2,5,52.25,7
10.05273,4,1,1,1,49.31,11
7.977282,1,7,5,4,29.05,1
10.57278,5,1,3,8,14.5,5
12.2519,4,6,2,9,468.91,34
14.14672,1,2,3,9,5898.98,320
11.35002,1,1,6,5,246.62,13
0,5,7,6,6,4.15,0
0,4,5,2,2,6.47,0
12.87756,2,5,4,9,1513.6,94
0,2,7,1,5,9.02,0
7.668094,4,3,1,5,13.24,3
12.2905,1,1,6,1,1016.67,61
11.92466,5,1,7,2,401.42,35
10.59618,5,5,7,6,114.36,2
14.994,2,1,2,9,5941.02,722
10.13888,3,1,7,4,252.36,15
10.48846,3,2,2,7,49.51,4
0,3,7,3,5,2.02,0
0,4,5,1,8,1.02,0
11.36681,2,6,6,5,247.97,11
9.714745,2,5,3,6,175.31,7
14.73588,1,2,2,9,7607.66,591
12.01951,4,6,3,9,517.45,34
11.08681,1,1,2,2,61.82,10
11.11883,3,1,6,5,209.45,23
11.23023,5,5,3,9,188.15,13
12.99811,3,4,5,1,1240.15,72
10.84332,2,5,7,8,257.73,7
10.25738,5,3,6,7,51.13,7
8.528529,1,3,5,2,73.51,2
0,3,7,2,3,0.38,0
0,4,7,3,3,0.4,0
10.35593,1,5,3,8,4.82,1
9.73985,1,6,6,5,186,9
0,3,7,5,2,4.57,0
10.92491,4,4,2,6,164.27,13
14.09791,3,1,7,1,4918.02,236
7.913155,4,3,2,5,23.55,3
0,2,5,5,4,41.54,0
11.03148,4,5,1,9,110.4,14
12.26196,1,2,2,1,364.78,40
11.34153,2,3,4,7,147.89,9
11.44777,1,5,7,7,541.88,13
8.385717,4,2,2,7,20.45,2
15.28045,2,4,2,9,12692.5,849
10.88279,5,1,2,1,40.03,7
7.957177,5,2,3,5,10.02,2
12.7905,3,5,7,1,1855.3,65
11.12087,4,5,7,7,138.42,7
0,4,7,4,6,3.27,0
12.47557,5,6,7,1,889.43,34
10.95789,1,2,4,6,316.14,9
10.89796,2,6,2,4,155.64,8
0,1,7,4,3,0.8,0
11.91638,1,4,1,5,328.36,36
10.50446,4,2,5,8,20.27,4
14.87104,1,1,2,9,6416.19,638
14.50466,2,1,7,1,8009.92,390
0,5,2,1,6,20.25,0
10.45866,1,3,1,7,110.08,11
8.949235,3,4,5,8,132.37,2
12.9541,1,6,7,6,2874.45,70
0,3,7,3,3,0.9,0
9.247925,4,3,4,6,89.92,3
11.04906,3,1,6,8,62.38,2
10.56641,1,5,2,7,39.68,3
13.79863,3,2,4,9,2804.47,185
9.55867,1,6,3,5,76.88,5
10.41331,1,5,4,6,145.54,8
13.2344,5,5,7,9,2387.46,99
14.30497,2,1,4,9,4712.87,407
9.62245,5,1,7,6,182.52,9
12.04267,4,3,7,3,748.35,33
11.75834,1,4,6,7,360.55,9
10.05835,1,2,1,7,124.73,10
10.61204,3,5,2,1,95.88,4
9.376617,5,3,3,7,16,2
0,4,5,4,7,8.46,0
10.37171,5,7,7,2,21.74,2
7.469654,5,4,3,8,34.61,1
14.81195,1,6,1,9,6744.61,542
10.35593,4,5,6,7,27.33,1
13.50336,3,4,7,3,3657.95,104
10.70936,2,1,4,6,263.94,9
0,5,2,5,3,56.86,0
11.47085,5,5,2,9,140.2,13
10.60346,5,2,6,2,121.45,12
8.186186,5,6,4,8,22.65,1
0,5,3,6,4,9.91,0
9.534306,3,5,5,5,33.94,5
8.597482,4,2,7,4,55.84,2
0,1,7,7,8,9.5,0
7.225481,1,5,6,3,40.03,1
12.23958,2,4,6,6,1508.43,41
12.69448,3,4,3,1,882.28,67
0,2,7,4,8,1.64,0
7.749753,2,5,4,3,17.05,1
11.09886,3,3,6,7,260.81,16
10.56272,2,4,5,2,323.48,15
10.91698,1,4,1,7,231.91,13
8.02519,3,5,4,7,22.78,1
10.50023,2,5,4,8,11.86,2
9.105868,5,5,2,2,4.89,1
9.075894,3,4,5,4,95.75,2
10.65846,4,4,6,7,159.68,7
9.41646,5,3,4,3,33.65,4
12.67546,2,4,7,8,1853.07,49
11.95152,5,3,7,8,599.43,29
8.957124,4,4,3,2,67.35,5
6.874198,5,7,7,7,2.83,1
6.398595,4,5,1,5,5.26,1
8.995289,4,3,1,2,17.58,1
9.016513,1,6,1,7,80.16,7
6.920672,1,3,4,8,16.16,1
12.40684,3,3,7,8,821.8,32
0,1,7,1,5,7.36,0
8.578853,4,2,1,6,35.36,2
10.65408,5,1,3,3,32.03,6
14.05147,3,3,1,9,2164.34,294
12.31671,4,4,7,5,1098.94,50
11.48899,3,5,5,1,186.4,6
11.72892,1,3,1,5,206.62,38
0,1,7,3,8,0.3,0
12.53599,2,6,6,1,992.33,44
11.23367,2,3,4,6,468.53,19
0,1,6,1,3,16.23,0
12.81649,3,6,7,6,1928.14,45
0,2,7,5,7,6.31,0
0,3,7,1,6,8.71,0
10.35593,3,7,2,5,4.12,1
8.325064,4,7,5,1,9.89,1
9.577757,4,1,3,5,19.1,4
10.51551,4,2,2,6,58.09,5
10.9939,2,1,5,6,295.12,13
13.10522,2,3,6,1,1702.76,86
0,5,7,1,5,0.7,0
10.75916,3,3,1,4,61.57,7
12.85092,4,1,1,9,601.75,103
12.54967,2,1,7,7,1496.62,74
9.946643,3,6,5,6,198.91,7
12.45019,2,2,1,5,211.77,34
0,2,7,3,5,5.05,0
0,3,5,3,7,24.06,0
10.19504,3,3,2,5,88.73,11
10.06671,1,1,2,5,115.43,11
11.83269,2,1,1,3,126.87,29
11.51856,1,2,7,3,751.59,24
9.821952,3,5,6,6,138.19,4
12.81983,2,4,1,5,372.41,66
11.54635,3,3,1,5,76.42,18
11.19882,4,2,7,7,410.91,26
0,5,7,7,8,13.06,0
12.18162,3,3,4,1,449.5,29
10.12911,5,2,3,2,31.96,6
8.490644,3,1,5,4,50.82,2
14.78412,2,3,2,9,6988.9,556
11.55208,5,4,2,1,180.1,26
6.90073,5,3,1,4,6.76,1
14.59154,2,4,5,9,10932.73,441
11.21429,1,7,7,6,208.35,5
0,5,6,4,4,1.05,0
0,5,3,4,4,3.27,0
9.831132,1,2,7,8,183.98,5
0,4,4,4,4,20.88,0
7.656337,3,2,6,4,59.64,2
10.8817,3,6,6,5,160.82,7
13.34379,4,4,3,9,1687.61,120
7.754053,4,5,3,7,3.84,1
11.2864,3,2,4,5,81.79,9
8.243283,5,1,5,8,22.87,1
0,5,7,5,6,2.48,0
10.63472,4,4,5,2,130.83,4
13.59779,3,3,4,9,2823.71,174
0,4,7,1,3,0.9,0
7.960324,4,7,5,9,46.95,2
9.983223,5,6,7,5,178.83,10
10.76863,3,4,4,6,507.25,21
14.33564,2,2,4,9,5316.84,344
9.013839,2,5,5,8,28.4,2
0,4,5,2,8,2.05,0
0,4,7,7,7,12.31,0
0,5,5,3,4,1.16,0
11.99199,1,1,5,4,361.62,22
13.55163,4,5,7,9,3152.35,156
13.2123,5,2,5,9,1004.07,87
0,4,6,4,6,56.73,0
8.295549,5,2,3,8,16.4,1
12.5734,3,5,1,9,582.17,82
9.034915,5,1,2,4,4.58,1
8.592672,5,5,7,7,49.37,2
14.85716,1,4,6,9,17332.9,535
8.834191,2,6,4,2,70.27,3
9.629445,4,1,5,6,53.9,4
0,5,2,3,4,5.98,0
11.46078,5,3,4,1,107.13,11
0,4,1,1,7,3.89,0
14.47688,1,3,2,9,8351.79,425
0,1,4,3,3,37.2,0
11.83033,2,1,1,2,94.77,29
11.57749,3,1,2,1,276.13,28
0,4,6,5,5,29.28,0
7.984803,5,7,5,7,0.6,1
11.44071,4,1,7,5,278.46,24
10.54566,4,2,4,3,34.65,3
12.16516,1,2,1,5,200.9,43
10.15735,2,2,6,7,356.8,12
7.746733,5,3,4,2,32.28,3
16.16862,2,3,7,9,60140.2,2044
10.96403,1,6,3,4,386.7,10
12.4522,4,5,6,9,755.36,47
11.20417,2,1,1,5,167.88,41
9.020994,4,1,3,3,34.31,6
8.931155,4,4,7,4,166.09,4
13.42527,3,4,7,7,2890.19,115
9.456966,4,2,2,2,25.83,4
8.7167,4,2,2,5,23.46,2
0,2,7,4,4,8.96,0
9.318746,5,2,5,7,18.83,2
10.46943,2,4,3,7,246.24,10
10.73182,1,7,2,9,413.54,19
10.63248,1,3,7,3,1049.99,19
0,5,5,4,5,3.31,0
7.902118,1,2,4,3,33.37,1
8.172729,5,4,1,4,9.88,1
0,1,5,1,8,10.84,0
7.429521,4,5,4,3,9.24,1
9.431803,3,5,6,7,79.55,3
9.336092,3,3,4,4,49.51,2
10.80298,3,5,6,5,83.2,6
12.19807,4,3,3,9,881.54,46
11.70127,5,6,1,9,201.95,15
10.15257,4,3,2,1,112.86,11
11.43831,3,2,7,8,502.83,27
11.25976,2,6,2,5,121.24,14
9.381432,3,6,2,5,58.8,4
10.06292,2,3,5,8,55.8,6
11.78317,1,3,4,6,406.33,21
6.403574,2,7,7,7,71.27,1
10.48635,5,3,5,5,34.25,4
13.8795,1,6,6,9,5248.1,187
12.44375,1,3,7,7,1785.23,58
15.45914,1,3,1,9,11436.08,1205
11.46644,2,1,7,8,267.8,14
9.46537,3,3,2,4,72.74,5
14.35065,1,1,3,9,5063.15,408
8.598404,2,3,1,3,39.68,3
11.77905,5,6,7,8,579.49,29
11.16071,2,5,4,1,229.87,16
8.374015,4,2,6,8,65.8,1
14.16147,3,1,2,9,2472.22,297
13.81653,2,5,1,9,1933.36,250
7.170888,3,5,3,5,28.41,1
11.08883,1,7,7,4,216.41,4
7.09091,3,7,7,2,84.68,1
9.262933,2,6,6,4,80.16,4
14.93092,3,1,6,9,6151.48,625
7.78364,4,3,3,4,12.19,1
11.38812,1,5,2,6,218.84,12
14.17814,2,2,5,9,6273.26,344
9.047704,5,1,2,6,20.21,2
11.87387,3,4,3,6,566.4,24
12.85205,2,7,7,9,2873.7,69
6.672033,1,6,3,2,37.88,1
7.444833,4,4,2,8,21.8,2
11.81309,1,2,2,4,1053.01,33
8.508556,4,1,3,8,8.54,3
0,1,5,3,2,21.15,0
9.456732,3,2,5,6,231.48,8
9.213535,4,6,5,7,26.85,5
0,5,5,1,4,0.76,0
9.334856,5,4,5,7,47.24,5
11.37162,4,3,5,1,232.21,9
13.31194,2,5,7,1,3359.9,122
11.61256,2,4,6,3,570.12,18
12.61878,5,2,2,9,576.16,76
12.74971,1,4,2,6,1217.01,65
0,1,7,5,7,2.42,0
6.920672,2,7,7,3,39.14,1
10.35593,5,2,5,5,25.1,1
10.62692,4,3,2,3,25.69,7
9.132811,1,3,4,2,52.49,2
11.6395,1,4,1,2,122.54,10
11.15442,3,6,6,2,188.97,11
7.591357,1,7,2,4,48.63,1
13.91979,3,3,7,1,6637.23,243
10.90344,2,6,4,7,90.15,5
8.446127,2,5,1,2,24.81,1
0,5,5,6,5,16.46,0
10.82018,5,4,4,6,107.54,7
0,4,7,7,5,21.03,0
11.70362,3,2,4,1,398.7,30
8.46316,2,6,3,7,76.26,3
12.21807,1,1,7,4,2795.72,60
0,3,5,2,8,7.15,0
0,5,1,1,4,4.97,0
11.71711,3,4,6,2,587.8,31
0,5,7,5,8,1.14,0
0,4,6,3,4,5.5,0
10.66013,3,3,3,5,86.96,11
7.273786,3,7,3,1,15.14,1
12.70244,2,2,7,3,1795.27,53
0,5,7,4,1,3.74,0
9.718603,5,4,5,6,122.58,5
11.28337,3,6,6,6,328.78,17
12.33782,5,2,3,9,612.27,64
12.18398,4,4,7,8,1289.41,43
11.44077,2,1,3,3,91.96,13
10.99154,2,1,4,4,182.93,12
10.69827,1,3,5,3,41.51,4
9.561279,3,4,1,8,25.95,3
10.06442,2,7,3,9,292.05,13
0,1,5,3,3,5.15,0
11.43991,5,3,6,2,124.65,12
10.35593,2,3,2,8,27.39,1
0,4,5,7,4,12.98,0
12.63706,3,1,7,6,1520.51,58
10.40114,5,4,2,3,50.22,2
8.88364,3,2,2,3,44.9,3
11.14224,2,2,1,7,118.76,16
11.14269,3,2,6,8,113.66,5
10.65563,4,3,7,4,79.77,5
10.43817,1,2,4,2,69.55,4
11.06628,1,6,2,7,63.25,3
0,1,7,7,5,60.68,0
9.468928,4,1,7,4,65.95,3
10.86529,4,2,7,5,403.75,21
9.414831,1,1,6,3,126.69,4
9.800568,2,6,3,5,104.27,7
12.25946,4,6,7,8,568.29,24
14.52284,3,4,1,9,4174.3,477
7.696667,2,7,3,1,35.15,1
6.861711,4,1,2,7,13.62,1
12.91765,4,4,1,9,944.79,90
10.48251,2,3,4,8,41.4,4
7.526179,3,5,4,3,18.5,1
7.898782,3,5,3,4,12.61,1
0,1,7,4,6,11.37,0
12.76226,4,4,7,3,1710.88,74
9.883336,3,2,1,3,42.02,6
0,4,5,3,3,5.65,0
10.2371,1,1,4,5,85.18,7
9.121728,3,6,5,7,68.71,2
8.588397,4,5,4,6,20.82,1
10.38455,3,5,4,8,10.62,2
11.28414,4,7,7,9,661.33,15
0,4,6,2,8,9.96,0
10.80149,3,6,6,3,141.34,4
12.67434,3,5,6,9,1941.76,89
10.65872,3,6,1,6,136.14,19
10.39194,2,5,1,5,58.14,13
11.14588,5,3,2,6,32.8,5
0,1,7,6,6,21.9,0
0,1,7,3,7,3.7,0
14.47814,1,1,6,9,9197.99,522
0,2,7,2,8,3.26,0
11.37873,3,2,6,2,348.05,20
0,3,7,4,1,14.41,0
10.03693,1,5,2,4,324.26,10
11.90175,1,4,6,4,1047.27,22
9.603935,5,4,3,2,59.81,3
12.61324,1,4,2,1,622.23,41
0,5,7,7,5,8.74,0
8.268219,3,5,5,7,36.43,4
9.236008,5,5,6,6,26.23,2
8.767485,1,5,3,7,30.43,2
10.35593,4,3,2,8,7.38,1
7.852828,1,4,4,8,36.98,1
14.75589,5,3,7,9,9965.28,486
13.72386,4,2,6,9,2702.27,157
15.73331,1,1,1,9,9998.46,1704
15.72994,3,1,7,9,26905.35,1481
13.0106,3,6,4,9,1577.85,80
10.67299,5,3,6,6,101.73,6
12.64429,4,6,7,1,1647.08,55
0,2,7,1,3,2.02,0
12.70574,1,3,1,1,453.06,72
0,1,7,2,8,0.47,0
7.538495,2,2,4,8,33.1,1
0,4,3,5,2,55.68,0
9.142918,4,6,6,3,79.68,3
8.784928,5,3,3,5,19.91,3
10.01064,1,2,6,3,111.97,5
12.98465,1,4,7,4,6923.74,100
0,2,7,1,8,1.68,0
8.752107,4,6,5,8,37.44,1
8.88641,1,5,6,2,55.35,3
10.39394,4,6,1,6,25.54,3
9.127176,5,4,3,7,25.13,3
10.8144,4,5,3,9,210.68,12
8.6512,3,2,2,8,11.53,1
12.59848,3,2,7,7,1295.2,52
11.84364,3,4,1,5,125.06,21
0,4,7,7,3,12.86,0
0,3,7,1,7,1.63,0
11.58036,1,2,3,1,315.14,17
12.87008,1,3,7,5,1862.44,74
0,3,7,4,8,2.21,0
7.862497,2,3,4,3,69.04,2
11.56709,1,6,5,1,253.84,20
12.44308,1,4,7,3,2140.94,38
0,4,5,4,5,8.87,0
8.286773,5,2,4,2,39.02,2
13.92545,1,1,5,9,4761.37,301
10.46182,3,3,4,3,50.85,3
8.308692,5,5,1,5,3.42,1
8.755107,3,5,5,3,31.63,2
10.15572,4,2,4,5,24.21,6
0,5,7,3,6,1.88,0
13.17011,5,1,3,9,618.16,98
13.23107,5,4,2,9,1141.56,115
9.379239,1,1,4,3,35.33,4
11.02515,5,3,2,1,74.65,12
10.62944,3,7,4,9,110.85,5
10.1625,3,1,4,6,115.91,10
12.78728,4,2,1,9,510.14,83
0,5,1,4,3,32,0
12.21261,2,3,6,5,452.37,30
0,4,4,6,4,36.88,0
11.72886,4,3,7,6,862.65,25
8.478452,3,2,4,4,46.99,2
16.14915,2,1,7,9,44511.41,2127
10.70181,3,4,5,5,262.73,18
11.84275,5,6,3,9,359.57,26
9.936729,2,3,2,2,96.84,7
10.35593,4,5,5,3,9.66,1
11.33258,1,5,1,5,69.38,13
12.61365,1,2,1,6,663.98,65
9.175335,4,1,6,6,95.16,4
9.854245,1,2,5,2,88.09,8
8.136518,3,4,3,3,80.68,1
10.57047,3,4,2,4,162.43,7
9.060796,2,6,3,2,55.57,1
13.462,4,1,6,9,2154.39,173
10.78924,5,3,1,1,62.53,6
6.804615,3,5,3,3,12.55,1
11.19702,2,5,5,7,81.9,6
11.17678,3,2,3,2,74.87,13
11.984,3,3,6,2,331.56,27
8.656607,4,3,3,2,32.33,2
13.44624,2,4,3,1,1388.66,99
9.730383,2,4,5,3,223.59,5
10.61472,4,1,5,1,166.1,7
10.95763,3,2,4,6,178.98,16
0,3,7,3,8,0.76,0
0,5,6,5,7,10.74,0
10.65655,4,3,6,7,87.39,8
0,5,3,3,6,44.03,0
0,2,7,6,8,6.54,0
11.11024,3,1,2,4,73.29,5
10.96242,4,4,4,6,174.1,9
11.33939,5,2,6,1,276.21,24
11.10164,4,2,6,3,127.04,10
10.16543,2,4,5,8,115.65,5
11.21132,1,6,4,4,283.49,6
9.953563,1,4,5,2,127.17,7
12.60213,3,2,6,1,1204.54,64
12.20269,2,3,5,1,946.01,50
12.36209,2,6,7,5,1507.58,51
13.97616,2,4,7,6,10510.83,242
8.215006,5,5,6,3,42.44,2
14.0479,3,3,2,9,2691.01,234
10.88014,1,5,5,1,185.95,11
9.306378,4,5,3,6,26.36,2
12.85546,2,2,3,1,687.29,60
9.57845,3,7,3,9,105.76,8
0,2,3,3,8,36.78,0
9.401374,4,1,6,8,35.32,5
0,1,7,4,1,13.24,0
0,3,7,5,3,3.34,0
7.927685,1,7,2,1,20.83,1
7.892452,4,5,1,1,14.14,2
0,5,7,6,2,2.49,0
0,5,5,6,4,1.65,0
9.694617,4,4,2,3,43.45,4
10.74171,1,2,6,7,229.72,7
8.094989,5,6,2,5,15.42,1
8.006701,5,5,6,1,54.72,1
0,5,2,7,4,31.88,0
11.00082,3,2,3,5,75.8,11
0,5,7,1,2,0.04,0
12.13833,5,5,6,9,568.65,42
0,4,7,4,4,0.01,0
8.40894,3,5,6,8,54.94,2
10.59513,2,1,2,8,16.52,3
11.91867,3,4,6,8,317.12,15
10.80361,3,3,5,2,165.36,8
11.431,3,5,7,8,252.47,13
13.8985,1,2,7,1,6021.43,233
9.512665,5,5,1,3,14.21,3
7.192934,4,2,1,7,10.18,2
12.59938,1,4,7,2,2085.44,65
0,4,7,4,3,1.49,0
7.582229,5,4,7,4,75.39,1
11.41676,3,1,6,7,184.93,16
12.29414,3,5,6,1,359.83,15
13.7968,3,6,6,9,3855.71,164
11.36086,3,4,2,7,141.7,11
9.448333,2,5,6,5,149.8,7
0,5,7,7,6,16.61,0
14.88004,4,3,7,9,13951.57,584
12.64329,1,6,1,6,585.23,44
11.16514,2,5,6,8,55.22,6
8.971448,4,2,3,6,56.42,3
13.90058,3,1,5,9,3214.83,274
11.68236,1,6,7,5,1203.92,48
10.49599,2,3,2,7,151.12,17
6.81783,4,7,7,1,86.76,1
0,3,5,4,4,10,0
0,4,2,5,4,12.04,0
8.962648,2,6,2,2,54.76,3
9.5165,1,2,1,8,29.24,4
10.12367,3,2,1,6,140.48,10
11.97024,2,7,1,9,342.29,26
8.803875,5,4,2,8,25.02,3
11.86823,3,1,7,3,2349.67,45
9.490922,5,2,1,1,43.32,4
8.9384,3,7,7,6,113.33,2
10.67884,1,2,3,6,365.81,16
11.2484,5,3,6,1,300.28,22
7.878913,3,6,2,2,29.78,1
11.66201,2,2,5,2,204.12,19
9.456966,3,2,2,5,71.95,7
13.99796,4,4,7,1,5091.56,187
6.84588,4,3,3,5,31.33,1
0,3,7,4,6,5.92,0
11.49038,1,4,5,1,783.1,28
10.80084,1,2,2,5,110.1,16
15.95562,1,2,7,9,55084.54,1744
9.040264,5,2,2,2,26.38,4
10.77042,4,1,5,5,32.5,5
8.511175,5,3,5,8,44.65,3
8.063063,1,7,5,6,14.42,1
8.67795,2,6,1,8,30.55,3
8.628913,5,4,5,3,102.93,4
9.83011,3,2,3,3,49.48,6
0,2,7,4,7,2.68,0
11.60779,2,5,7,3,610.72,16
10.02109,4,1,7,7,230.9,5
12.70399,5,3,3,9,649.11,62
0,1,7,6,5,9.82,0
13.88352,1,4,7,6,10409.88,194
8.429891,5,6,3,8,12.02,1
11.63508,1,1,3,4,497.2,23
9.248503,2,2,5,8,50.75,3
11.25918,1,1,4,2,57.21,7
12.18792,5,4,7,5,635.91,29
13.81004,1,3,4,9,5123.78,217
8.755895,5,3,5,6,59.82,4
10.78145,5,5,7,2,116.75,6
15.56735,2,6,7,9,35319.16,1037
12.22888,2,4,2,5,317.39,38
13.55631,5,3,6,9,2084.66,159
0,5,2,2,8,7.6,0
9.008469,1,7,7,1,294.57,3
12.44948,5,4,7,2,1117.96,58
7.853993,5,3,1,6,25.31,3
12.49129,5,1,7,3,439.61,30
10.68458,1,4,3,2,108.4,5
12.4861,4,4,7,7,1101.12,46
9.52486,3,4,7,4,639.63,8
9.982992,2,3,6,2,332.17,10
7.695758,1,6,5,8,22.19,1
0,4,5,5,8,9.86,0
11.10276,4,1,6,3,130.03,11
0,5,2,5,4,4.69,0
0,1,7,5,1,19.87,0
10.74121,1,1,1,2,69.17,19
0,3,7,3,2,4.09,0
8.267962,5,5,5,2,17.99,1
8.462103,1,6,6,3,55.88,3
0,4,7,6,2,5.95,0
8.745125,1,1,6,8,25.88,3
11.86543,2,4,6,2,665.09,29
0,1,7,3,2,2.38,0
12.40722,3,1,1,1,213.38,53
0,4,6,2,3,5.7,0
9.745254,5,6,5,1,87.44,5
7.316548,1,7,1,7,4.29,1
6.629363,1,7,3,4,46.18,1
10.5271,3,2,5,2,186.56,17
0,5,7,6,5,1.36,0
10.35593,4,3,3,3,23.84,1
9.13863,2,6,6,7,199.47,4
0,1,6,3,3,14.41,0
9.06462,4,1,5,7,17.88,2
8.443116,1,7,1,4,92.39,5
13.37561,5,4,5,9,2014.55,125
9.609452,1,3,2,7,102.5,7
0,3,7,2,7,3.24,0
9.288412,1,2,2,2,51.89,5
11.10502,4,3,7,5,504.39,18
12.80688,4,4,7,2,1618.34,67
0,2,7,6,6,24.08,0
11.86366,2,6,7,3,1305.97,25
12.65843,3,3,7,7,1414.4,56
10.36536,4,6,1,1,59.95,10
11.24942,2,3,3,7,140.05,13
0,5,2,2,4,6.84,0
11.70287,3,6,6,1,772.69,32
9.197458,2,5,5,2,56.82,2
9.089415,5,1,5,5,18.46,2
9.476314,2,5,6,3,96.56,3
7.218177,4,6,3,2,16,1
14.64679,3,3,6,9,6982.23,418
11.69743,5,3,7,5,299.99,23
0,3,6,3,3,22.83,0
14.80878,1,5,7,9,17722.19,589
12.43398,5,3,1,9,440.93,54
10.47483,3,6,6,8,155.63,4
11.48405,1,6,3,1,230.77,10
12.42993,3,2,7,6,1992.86,65
10.84702,2,4,1,7,240.77,23
10.45835,4,2,4,7,34.39,2
11.69218,5,6,2,9,316.66,21
12.41155,1,3,6,1,1060.28,43
7.690286,3,1,3,4,65.39,2
14.74254,3,4,7,1,14598.67,444
12.43675,3,5,2,9,682.07,66
10.62731,2,5,6,7,135.47,16
8.95144,5,2,4,8,19.66,2
6.063785,4,7,2,6,4.13,1
8.616858,3,5,3,2,25.79,3
0,1,7,6,8,0.1,0
7.893945,1,2,5,8,23.37,1
8.995537,4,2,3,2,35.86,4
0,3,5,4,5,29.15,0
7.736307,2,6,3,8,35.48,2
8.272826,4,3,2,2,26.77,1
15.79558,2,4,1,9,13502.14,1442
10.9215,2,2,3,2,111.63,11
13.16985,1,2,7,6,3665.27,97
12.26201,3,3,7,3,1688.25,47
12.91938,3,2,7,3,1574.59,60
10.59691,2,2,5,4,149.52,7
11.40223,2,2,5,6,431.35,18
0,4,1,4,8,11.75,0
6.322565,3,6,1,7,30.6,1
10.77099,4,3,3,6,92.3,6
11.60629,2,1,2,5,152.42,24
8.762177,1,4,2,3,36.73,2
0,5,6,6,4,1.15,0
9.562686,4,2,6,7,83.37,7
11.66331,2,2,3,6,446.83,25
14.38613,3,4,3,9,5273.39,323
11.33088,3,4,5,3,229.54,14
13.56109,3,4,7,2,3769.94,118
12.18648,3,1,3,1,299.1,36
11.21183,3,5,7,3,442.87,16
8.986447,3,2,5,7,112.71,3
13.17755,2,4,7,3,4695.14,91
8.696677,3,6,7,4,151.43,2
11.25,1,4,5,6,825.58,16
11.42449,3,4,4,2,186.23,13
15.39407,5,4,7,9,21581.24,920
10.51067,5,3,7,7,265.89,13
10.82026,4,2,1,1,52.42,9
8.344505,3,5,1,2,12.2,2
0,4,2,2,8,6.65,0
8.48405,5,4,3,3,46.93,2
10.8422,2,4,5,7,329.99,8
11.56657,4,4,1,1,172.47,21
10.56266,4,1,4,2,35.14,6
8.821732,2,4,5,4,349.22,3
11.38131,3,4,5,2,271.62,16
0,1,7,3,3,0.5,0
11.2424,2,3,6,7,367,17
10.38665,5,6,5,5,10.55,2
10.67339,4,4,1,5,30.82,3
0,4,7,7,8,13.59,0
8.855093,3,3,2,8,26.57,2
12.94147,4,3,5,9,1404.67,95
10.76325,2,1,4,3,94.8,9
11.09773,4,2,5,1,199.99,14
0,5,2,1,8,3.68,0
9.60353,4,6,6,6,114.7,4
8.192017,5,5,4,3,7.6,2
13.37158,1,6,5,9,2936.87,87
10.37845,3,6,1,3,13.61,2
10.01606,3,7,6,9,292.33,10
0,2,7,2,2,9.92,0
10.55626,2,4,3,4,497.4,15
10.73957,4,3,5,6,107.44,6
12.18227,3,1,7,5,881.09,52
10.38208,5,7,6,9,69.7,2
9.611864,4,1,1,2,22.93,6
9.98539,1,5,6,5,92.95,7
11.33128,3,4,1,2,79.18,9
0,4,3,1,7,11.87,0
10.21855,2,2,6,8,103.3,9
10.01766,3,3,3,8,34.92,5
9.261033,4,3,4,8,17.15,3
7.987524,5,1,6,7,23.47,1
11.9186,2,1,6,3,320.71,13
11.44739,1,2,3,4,726.13,29
0,2,7,5,3,3.11,0
12.62605,4,4,6,1,978.57,44
9.508146,3,4,1,4,139.86,4
15.85651,3,2,7,9,33844.51,1504
0,4,6,1,8,3.47,0
11.02422,5,5,4,9,177.36,12
8.238801,4,1,3,2,36.08,2
10.18241,1,2,5,5,126.88,10
8.106213,4,1,5,8,17.04,2
14.52185,1,3,6,9,10263.04,393
12.04267,3,6,3,1,299.91,19
8.713746,1,4,5,7,185.36,3
0,5,1,2,5,10.55,0
9.58004,5,2,7,7,203.03,5
7.874739,5,3,2,8,10.8,2
8.780634,3,2,4,8,21.73,2
9.79835,4,5,5,1,59.64,5
14.74795,2,6,1,9,4295.2,484
0,5,6,2,8,10.16,0
13.21391,2,4,5,1,1685.23,82
8.167352,4,3,4,7,31.18,2
11.45525,1,3,7,8,331.45,8
12.39349,2,3,1,6,633.85,52
7.118826,3,5,2,2,14.67,1
12.87777,4,1,2,9,735.71,86
0,4,3,4,3,29.81,0
0,4,7,1,6,3.46,0
0,3,7,3,7,1,0
9.226312,4,2,3,3,21.01,2
14.71453,2,2,2,9,6506.72,559
12.22762,3,3,7,5,1402.18,55
12.01916,3,3,1,1,252.96,35
12.03696,1,4,3,1,613.17,32
0,3,7,5,1,14.35,0
10.66951,5,4,5,8,92.6,8
8.483636,2,5,2,8,8.09,1
13.25616,5,4,7,8,1382.66,52
10.35593,2,3,2,3,44.37,1
0,3,6,2,3,16.41,0
14.52783,2,3,6,9,10730.07,492
10.11423,2,5,2,5,58.24,10
0,3,5,3,8,7.05,0
7.463363,1,6,5,5,72.82,1
0,2,7,5,2,10.75,0
10.5727,2,5,2,2,27.01,5
0,4,5,3,4,2.86,0
10.53593,2,4,2,2,157.16,13
11.49173,4,2,6,1,452.94,31
11.71629,4,1,6,5,73.29,10
0,5,7,6,4,0.13,0
7.280008,5,3,2,2,21.61,1
10.63955,1,5,6,6,244.32,8
11.31263,3,4,4,7,153.52,9
8.803424,2,5,1,8,5.82,2
7.32185,3,1,5,8,32.92,2
11.07614,5,6,6,2,49.35,3
0,4,7,4,8,1.85,0
0,5,7,5,2,0.8,0
0,1,7,1,6,29.72,0
7.733684,5,6,5,2,23.03,2
12.43006,4,5,5,9,348.3,30
7.382124,3,5,1,6,45.16,1
11.52882,3,3,1,6,171.47,18
8.28223,4,3,5,5,52.17,2
11.21208,3,1,3,6,135.85,6
0,4,5,4,4,2.81,0
13.08795,4,1,7,1,1528.57,87
10.5918,1,6,6,7,141.38,4
8.043342,5,6,1,5,8.91,2
13.13478,5,4,3,9,1219.62,113
0,4,7,5,5,1.77,0
10.43312,3,3,5,5,115.89,13
10.67722,4,1,5,2,66.54,5
10.39161,2,3,3,2,121.33,9
9.590214,1,1,5,2,86.65,6
10.43904,4,5,6,8,26.32,2
9.624104,3,2,4,3,61.44,5
13.67155,4,4,5,9,2775.52,160
0,4,5,2,3,3.74,0
10.35593,5,6,4,5,7.5,1
10.9768,5,4,6,3,246.8,8
9.906234,2,2,5,3,129.16,6
9.35522,5,4,2,5,36.25,6
9.671934,5,4,4,2,59.93,4
8.208492,5,3,2,4,5.81,2
8.686767,3,3,5,8,68.28,3
7.37086,2,7,3,4,18.8,1
8.830982,3,1,6,4,52.79,2
9.526391,3,4,1,7,65.27,4
10.52535,2,5,4,5,51.82,4
13.29656,4,2,7,1,2110.59,107
9.57401,1,2,6,8,46.66,7
10.01203,1,2,4,4,507.57,9
13.18457,1,2,1,1,458.89,98
13.44474,4,4,2,9,1582.15,144
14.7341,1,4,7,1,15297.44,389
8.374246,4,5,4,1,41.28,1
13.37623,3,6,5,9,2017.86,112
0,1,7,6,7,6.58,0
14.88653,2,1,6,9,9805.53,618
11.82318,1,2,5,1,473.63,27
9.799681,4,4,2,5,48.57,7
8.14642,3,6,3,8,38.09,3
10.86017,3,5,3,1,106.06,9
0,5,7,7,3,9.91,0
0,5,3,4,8,21.73,0
10.92965,2,3,3,6,576.1,21
10.4601,4,1,6,2,125.36,15
0,3,6,3,2,28.45,0
11.19632,2,3,6,3,306.21,11
7.848153,4,2,4,6,54.79,2
10.14573,3,2,2,2,74.05,9
11.5463,2,4,1,2,131.48,14
7.048386,5,7,5,9,38.77,1
0,3,7,7,8,34.87,0
15.069,2,4,7,1,21848.06,605
9.072801,5,6,1,1,30.8,4
8.798455,2,6,4,8,42.98,3
8.00169,1,6,4,2,31.99,3
11.26778,4,2,7,6,630.8,30
0,4,3,4,2,46.47,0
11.38208,1,5,1,6,301.14,21
10.31669,3,1,2,2,73.41,14
0,1,7,6,3,1.56,0
9.195125,1,7,1,1,23.96,4
8.191186,3,7,7,4,19.07,1
8.214736,5,2,2,5,11.94,2
10.92601,2,1,5,7,132.79,8
15.70335,1,4,1,9,20153.28,1446
10.72762,3,2,1,5,63.55,10
9.690975,1,5,3,5,38.15,6
11.63469,2,4,1,3,88.79,8
13.98444,1,3,5,9,5849.14,242
9.221874,5,3,4,6,43.27,2
10.63501,1,6,3,7,57.46,3
9.016149,1,4,3,8,32.44,2
10.22716,4,4,5,5,83.41,8
11.70609,5,5,1,9,117.39,17
14.92384,2,2,6,9,11001.9,622
15.0256,2,4,3,9,10957.97,580
9.46141,5,1,1,3,25.94,6
11.6945,5,5,7,8,173.28,11
10.96677,2,2,2,7,141.28,15
16.396,3,4,7,9,79614.96,2548
0,1,6,5,3,28.29,0
0,3,7,1,4,2.49,0
10.13935,1,3,1,8,25.92,5
8.109526,1,7,6,1,41.17,1
0,2,7,4,2,4.95,0
13.86502,3,2,2,9,2535.1,241
10.69238,2,6,2,8,35.3,3
0,2,7,4,6,17.98,0
15.26615,3,6,7,9,22985.48,799
8.38389,3,3,3,3,38.48,1
11.29147,1,4,6,8,90.61,7
10.96647,4,6,7,6,731.98,10
0,5,1,6,4,4.61,0
10.61381,1,5,2,5,51.8,4
11.30015,3,6,2,6,209.75,8
11.80974,4,5,2,9,184.5,17
12.98412,2,1,6,1,1557.98,107
8.834483,5,2,1,5,9.75,1
8.123558,4,1,4,5,18.19,3
10.66644,3,6,3,6,181.06,11
10.76958,2,1,3,8,22.47,5
9.442166,4,1,3,6,32.8,4
14.98113,3,4,6,9,13375.57,616
9.799681,5,1,4,2,40.59,5
10.5049,4,6,5,6,70.88,3
7.282074,2,5,3,3,14.51,2
12.40038,1,1,2,4,782.58,48
12.36622,2,3,1,5,209.99,53
13.09109,1,1,7,6,2861.69,92
0,5,4,3,4,14.15,0
13.82874,2,6,3,9,3470.02,224
10.90953,5,3,3,1,94.29,13
11.64076,2,5,2,1,211.17,20
0,4,1,2,8,3.73,0
0,5,7,1,1,0.9,0
10.71564,4,2,2,1,73.64,7
10.99057,4,3,7,7,512.76,17
11.99317,2,5,1,1,217.27,47
11.17937,3,4,4,5,202.06,16
12.73171,1,3,1,4,1653.17,89
10.96992,1,1,6,2,150.56,12
8.021256,4,1,1,6,18.59,1
11.95447,4,6,7,2,477.62,23
11.53347,5,2,7,6,313.88,16
11.22245,2,4,6,8,259.31,13
0,3,5,5,4,5.84,0
0,4,7,4,5,3.31,0
11.98049,1,6,2,1,233.67,20
8.313852,1,3,4,7,85.15,3
8.658172,4,2,5,6,67.39,4
0,5,1,4,4,2.43,0
11.03423,1,3,5,1,459.4,16
12.26605,2,4,2,4,727.28,35
8.752581,4,4,4,2,80.47,5
9.371353,1,3,1,3,35.22,5
10.35593,1,6,5,4,259.21,1
8.918249,3,4,4,8,80.05,2
12.13976,1,6,1,4,767.66,30
13.15622,1,6,4,9,2708.07,99
10.21559,1,5,2,1,132.69,7
9.26842,1,2,5,4,467.96,9
8.354674,5,2,2,6,27.82,2
9.771327,1,5,3,6,173.78,4
0,4,6,2,4,3.57,0
10.46253,3,7,7,7,40.84,2
11.29868,2,6,6,6,546.95,24
9.653037,1,3,5,6,417.71,11
9.008469,4,2,6,6,135.02,3
11.09494,5,4,2,2,35.5,5
0,5,6,1,6,15.68,0
13.0606,3,6,2,9,1626.78,125
0,5,5,2,3,4.58,0
8.84029,4,2,1,4,7.31,2
13.85913,2,5,2,9,1976.19,176
15.46056,1,6,7,9,34969.21,886
12.9079,3,6,3,9,1632.96,92
8.166784,2,6,5,3,58.16,1
0,2,7,2,7,5.1,0
12.58241,4,3,2,9,784.88,74
10.35593,5,1,2,8,7.78,2
11.55129,1,1,4,6,199.7,7
11.39309,4,4,4,1,328.35,21
11.58772,1,6,6,1,560.62,17
11.2378,1,6,1,1,340.1,31
11.84912,5,2,7,2,484.99,43
13.00442,3,4,6,1,2278.6,101
0,5,5,7,4,2.07,0
11.10623,2,6,1,7,84.17,14
0,1,5,1,3,6.07,0
11.57323,1,6,3,6,294.37,15
0,2,6,5,4,77.26,0
9.946164,1,1,2,3,47.06,5
10.81928,2,6,4,6,285.72,10
9.939723,3,6,5,5,78.56,6
7.915348,4,4,2,7,31.44,2
0,5,6,2,4,1.68,0
11.30449,2,6,5,6,301.84,9
12.33975,3,6,7,8,900.56,35
9.98142,1,2,5,7,101.11,7
7.116394,5,7,4,6,0.96,1
8.64365,5,2,5,8,39.01,3
0,2,7,6,3,6.9,0
0,4,2,4,8,12.31,0
8.885994,1,5,4,1,116.24,3
12.62437,4,2,3,9,855.76,62
10.9598,4,4,6,5,179.94,6
9.17212,4,3,6,3,140.08,5
12.46014,2,2,4,1,661.35,50
13.31315,2,3,7,6,4857.97,121
10.92141,1,6,2,5,84.85,10
16.7194,2,4,7,9,121293,3338
10.37202,2,1,5,2,157.99,13
0,3,7,4,5,3.85,0
11.30679,2,5,6,1,608.43,29
9.91329,2,5,5,6,167.47,7
13.78507,1,6,2,9,4721.76,227
11.40367,3,6,7,7,889.08,27
12.48818,2,2,5,1,848.62,70
8.151622,4,3,2,4,11.26,1
9.693013,2,4,2,3,87.93,4
9.387398,1,4,2,2,94.03,5
10.79573,3,1,5,3,123.44,7
9.871997,5,4,4,7,31.52,5
12.35674,2,1,5,1,779.53,55
10.45233,4,3,5,3,48.14,2
8.833754,4,2,3,5,19.53,1
0,4,4,1,4,13.54,0
8.748781,4,5,6,5,31.5,3
11.28447,3,2,6,6,401.81,21
6.902743,5,6,1,8,6.94,1
9.861571,5,3,6,3,145.5,5
0,2,6,2,3,20.94,0
10.60795,2,3,3,4,275.9,7
0,3,5,1,3,10.46,0
0,4,5,6,4,2.31,0
0,5,5,1,2,2.94,0
9.410502,3,4,4,3,103.32,2
10.57984,3,3,3,7,75,6
9.299267,1,6,6,4,274.15,3
0,1,6,3,8,12.76,0
9.47478,3,1,3,3,67.91,6
0,4,5,5,7,14.53,0
11.16189,3,2,5,3,99.25,5
9.859692,3,2,3,7,58.59,6
11.75806,2,6,7,8,792.12,24
14.52367,3,4,5,9,7316.31,332
0,1,7,4,5,4.74,0
0,3,6,6,4,35.49,0
9.397567,3,4,2,2,95.99,9
8.828787,1,4,5,8,53.05,1
11.88536,2,7,2,9,349.42,15
11.37357,3,5,1,1,66.18,11
11.8038,3,1,5,2,164.22,16
6.575076,5,5,5,1,28.28,1
9.803667,4,3,2,6,78.7,6
0,4,7,6,6,8.08,0
13.89176,1,2,5,9,5481.31,282
8.180881,5,2,6,7,45.13,1
15.86522,3,3,7,9,36595.09,1462
0,1,7,3,1,17.42,0
8.557951,1,6,5,2,47.01,2
9.85671,3,3,1,3,42.39,5
11.14549,3,3,4,6,229.73,14
14.50061,3,5,7,9,9545.23,396
9.019059,2,5,3,5,48.09,7
11.39827,2,2,7,8,407.26,10
10.79327,1,2,3,7,80.8,5
13.48712,3,6,1,9,1238.84,140
10.36177,5,1,7,8,186.24,14
11.11515,3,1,4,5,69.52,11
14.05195,3,1,3,9,2411.79,256
9.509926,1,5,3,4,240.23,6
9.58514,4,7,6,9,100.73,4
8.394573,5,3,1,7,7.18,3
12.95324,1,1,1,4,1292.39,124
12.90892,4,1,5,9,1064.66,96
0,3,7,1,3,0.8,0
0,5,7,2,5,0.3,0
13.12813,2,2,6,1,1741.3,99
13.94286,3,2,5,9,3785.59,255
15.29435,2,3,1,9,7304.73,1003
8.404248,4,7,1,9,25.33,2
9.16178,5,6,3,2,11.93,2
9.918573,1,3,6,7,233.83,7
13.09205,3,4,7,5,3018.7,95
0,5,7,4,7,0.03,0
11.11473,2,6,4,1,455,23
11.11328,5,1,4,1,61.37,3
0,4,7,7,4,6.69,0
14.52649,1,4,3,9,11314.54,427
11.17022,5,4,3,1,198.57,18
12.8342,1,4,3,6,933.44,40
7.325808,3,6,5,3,64.25,1
0,4,5,5,5,12.18,0
10.47979,2,4,2,8,52.96,5
0,1,6,2,8,13.61,0
0,5,5,5,7,3.99,0
0,5,7,6,3,2.89,0
14.0816,5,4,6,9,4231.59,250
12.84814,4,3,4,9,958.53,73
8.479076,4,2,5,7,38.42,3
10.54708,1,1,4,7,60.46,4
9.267571,4,5,7,6,194.9,4
11.50549,1,3,2,5,129.53,13
15.7375,4,4,7,9,30873.62,1186
12.31414,4,2,7,3,717.74,28
9.688994,5,6,6,1,157.06,5
9.197255,3,6,2,4,37.07,1
0,5,5,3,5,1.52,0
11.47027,3,6,7,5,971.01,35
13.38056,5,4,4,9,1419.58,99
0,5,3,2,7,11.21,0
8.452548,4,1,4,4,6.89,1
0,5,7,4,4,0.7,0
10.4915,4,4,6,3,259.23,15
9.819345,5,1,5,1,92.05,11
13.98785,3,2,1,9,2136.64,283
11.21391,1,6,5,6,252.17,8
12.04342,3,2,1,1,230.25,30
11.25788,1,1,1,8,32.55,14
0,5,6,1,4,1.34,0
7.630461,2,1,1,8,25.93,5
11.68395,2,6,5,1,518.47,21
11.63053,1,5,1,1,161.19,22
14.06551,1,3,3,9,6540.44,304
13.7961,1,3,7,1,7155.96,197
12.98612,3,3,7,6,2650.35,76
13.50586,4,3,6,9,2805.94,139
0,1,2,4,8,18.35,0
0,1,6,6,2,88.23,0
7.632401,3,7,6,5,4.25,2
9.966275,2,1,1,7,95.57,11
11.99735,1,4,6,6,1317.07,34
8.920122,2,2,3,3,68.91,5
10.29191,2,2,4,2,139.58,15
10.35593,3,7,2,4,5.71,1
10.51691,5,4,1,2,31.71,3
10.4146,2,7,2,5,10.46,2
12.96418,5,1,5,9,820.04,111
9.029777,1,3,5,7,103.07,1
0,5,7,4,9,24.61,0
11.80845,2,3,7,8,704.42,22
7.4725,2,5,2,7,56.58,2
10.46564,1,6,1,8,29.87,4
13.65304,2,4,7,5,4808.39,127
0,4,1,1,4,6.08,0
0,4,5,4,8,4.4,0
15.44905,2,2,1,9,7185.14,1157
9.996203,2,3,5,7,189.16,10
10.35593,5,4,4,3,47.93,1
8.064322,4,1,4,6,34.63,2
9.972734,1,3,4,5,113.36,6
12.34983,2,4,5,6,986.77,31
0,5,1,3,5,11.06,0
9.655923,2,7,1,1,36.94,6
12.14177,3,1,1,2,76.97,26
8.48797,4,7,4,9,36.11,3
10.75535,1,5,7,8,125.14,5
11.57924,4,5,4,9,235.24,15
13.37081,1,4,7,5,3721.62,115
14.56785,4,6,7,9,9304.84,356
10.79372,1,1,3,6,278.01,9
12.24805,5,1,7,1,717.63,47
13.32786,2,4,2,1,1402.82,119
13.27558,2,2,1,1,679.46,113
11.07926,3,3,5,6,289.39,14
8.483843,2,2,4,3,67.99,3
0,4,7,2,2,1.21,0
11.31313,1,6,4,1,186.52,12
0,4,2,4,4,12.24,0
7.26333,5,3,3,3,29.43,2
11.2788,5,6,7,3,415.78,11
10.92024,2,6,6,3,165.79,4
11.76719,1,6,7,3,561.04,21
11.70763,2,4,1,4,774.1,39
8.900276,2,7,6,2,16.87,4
9.597777,4,4,5,7,90.12,5
0,4,7,1,5,0.73,0
9.516869,3,6,1,5,41.84,8
12.13709,5,6,5,9,533.49,36
7.999007,5,6,6,3,67.45,2
8.845057,3,3,2,3,33.16,1
9.825634,4,2,1,5,17.93,7
10.54684,5,2,5,2,49.82,4
7.181592,5,7,2,9,27.54,1
7.349231,1,5,2,2,17.31,1
13.50188,3,4,7,6,6256.55,150
11.70123,2,5,7,5,728.55,34
0,2,5,2,3,11.46,0
0,5,5,4,7,1.37,0
10.49211,5,1,5,7,11.36,3
11.83814,1,5,7,6,1332.39,38
0,5,5,5,5,10.13,0
11.28817,3,4,2,5,171.4,17
13.49428,2,5,5,9,1872.74,116
8.492286,1,5,5,4,140.66,2
10.01704,1,5,4,4,160.66,8
11.13084,1,5,7,4,946.25,19
0,5,7,3,1,4.71,0
0,5,5,1,7,2.44,0
8.489822,2,6,4,5,89.64,3
9.79696,4,3,6,5,107.97,5
0,2,7,3,2,8.06,0
0,5,7,6,7,2.23,0
9.870913,2,4,4,8,76.9,4
7.558517,2,4,4,3,126.18,2
8.006701,4,1,4,3,53.38,1
10.77252,2,5,7,7,736.44,18
4.290459,4,5,2,7,3.64,1
12.0368,1,3,7,2,999.32,32
12.01365,3,3,5,1,623.39,41
6.678342,3,7,4,2,1.92,1
11.5444,3,4,6,3,504.36,14
5.993961,4,1,1,8,4.31,1
6.863803,4,5,3,5,6.91,1
0,5,6,5,3,23.02,0
8.334472,4,1,1,5,17.77,4
11.29376,5,5,7,1,266.04,17
7.822445,5,2,1,3,21.83,1
0,1,7,2,3,0.23,0
11.44364,2,1,2,2,96.42,12
10.19608,5,5,7,3,171.84,9
11.07172,5,1,2,2,31.2,8
13.13348,1,4,6,1,1839.13,72
9.939434,5,6,2,1,62.69,9
10.94977,1,1,1,7,105.58,23
0,5,3,5,4,6.96,0
10.37845,5,6,4,3,14.11,2
8.816557,4,7,7,2,36.79,3
10.57786,4,4,4,5,64.24,4
8.607765,2,5,3,4,56.66,3
9.060563,5,2,1,2,21.67,5
10.88236,5,1,7,5,145.24,9
8.481151,5,2,6,6,71.49,3
7.035269,5,6,4,7,8.58,1
10.72799,1,5,7,2,284.44,7
10.0303,5,3,1,2,22.94,5
10.44535,4,5,6,6,39.79,3
10.35838,3,4,6,4,124.82,2
14.4339,1,5,1,9,3645.26,407
12.68814,2,2,7,5,1856.01,77
12.78899,2,4,4,1,1335.57,82
12.04892,1,1,1,6,477.66,57
8.738415,4,2,3,8,10.09,2
8.861775,1,5,5,5,41.71,1
8.79103,2,7,6,1,63.98,2
8.308938,2,7,2,6,24.96,1
8.613412,4,6,6,2,82.85,3
0,3,7,4,4,1.16,0
10.43576,5,3,3,2,31.55,3
0,1,1,5,8,18.21,0
10.08138,2,5,2,4,89.19,4
12.57689,4,6,6,9,1566.18,70
9.602045,1,6,4,6,219.19,5
8.05166,1,6,4,8,24.46,2
10.6859,2,1,2,4,319.2,20
8.888067,4,4,1,7,20.72,4
10.59132,2,6,5,8,66.47,4
12.37252,1,2,6,1,996.27,61
10.32437,1,4,3,5,168.81,8
11.45666,4,6,7,3,484.42,20
0,5,7,3,3,0.08,0
9.308827,3,5,4,6,71.37,4
11.07496,5,6,7,6,389.82,17
12.50227,3,5,5,9,1017.94,56
14.95703,2,5,7,9,16948.62,616
10.49695,1,2,2,3,29.39,4
13.17059,5,4,1,9,770.69,91
14.25444,3,4,4,9,5361.38,290
13.49703,1,6,7,1,4492.77,136
8.943898,5,4,2,7,22.34,1
10.67628,2,5,1,4,96.11,4
0,2,5,3,8,12.26,0
12.48718,5,3,2,9,598.14,68
0,2,7,2,3,1.3,0
10.81667,3,3,7,4,319.83,6
10.15242,4,4,1,6,104.04,9
8.021256,3,1,3,7,48.67,2
10.51266,3,4,4,4,95.19,3
13.9082,2,6,6,9,5716.97,211
9.651623,4,6,5,2,32.33,4
9.613403,4,2,7,8,328.26,5
12.9943,5,2,4,9,703.72,91
0,5,5,4,2,7.09,0
8.710949,2,7,2,1,33.57,3
0,4,7,1,2,0.09,0
0,3,7,1,2,2.34,0
11.04572,2,3,4,2,119.96,13
8.68474,5,3,4,5,22.77,3
11.18555,5,2,6,3,140.3,11
11.02102,3,1,4,2,119.03,9
11.27889,3,3,6,6,501.96,17
0,5,7,2,7,0.46,0
13.16231,2,2,7,2,2021.95,107
10.81952,3,7,5,9,146.21,7
10.71368,1,2,3,5,96.49,4
10.58656,1,1,2,6,338.06,23
8.150756,4,2,1,8,3.66,2
7.732369,4,4,1,8,11.16,2
0,3,7,5,7,4.92,0
10.04707,3,4,3,5,168.89,12
9.094593,3,5,6,3,73.62,5
11.41229,2,2,1,3,60.48,11
8.95519,5,6,1,2,11.97,2
13.34952,1,4,1,1,868.6,115
10.31818,4,5,7,3,196.15,9
6.871091,2,5,4,2,30.72,1
0,5,1,5,4,1.57,0
12.73726,1,7,7,9,3315.16,77
10.93541,3,1,5,7,73.37,9
12.5897,2,5,7,6,1353.85,50
8.502891,5,3,2,5,13.19,2
0,3,1,4,8,18.65,0
11.10647,5,1,6,2,116.62,15
0,1,4,2,8,27.27,0
9.493035,3,2,4,7,73.74,4
9.34749,1,4,4,7,123.63,3
0,2,7,5,8,2.5,0
11.5476,1,7,6,9,456.61,15
11.89174,4,3,7,2,676.83,29
14.16834,2,6,2,9,3990.8,284
0,5,6,3,3,12.55,0
12.73035,5,4,7,3,1396.49,53
13.4557,2,4,7,7,4635.35,135
10.84726,4,6,3,1,104.27,8
10.40859,3,3,4,8,35.25,2
0,3,5,2,4,14.04,0
8.414717,1,6,6,8,60.89,3
11.63495,4,3,3,1,132.22,11
14.70645,4,1,7,9,8738.13,520
12.7438,3,1,7,2,1398.19,72
13.45286,4,3,7,1,2312.76,107
0,4,2,1,3,13.45,0
10.57116,5,2,6,8,80.96,5
11.72102,4,4,6,6,398.99,18
8.909776,5,3,6,8,116.28,4
0,1,7,7,3,26.06,0
0,5,6,4,6,36.19,0
11.14481,1,1,5,1,444.37,25
10.43714,3,4,3,7,141.85,13
7.590347,4,5,7,5,104.85,1
10.32584,5,1,6,1,183.54,8
11.12477,3,3,2,6,257.15,19
8.559678,4,7,2,9,27.7,2
10.64942,2,2,2,8,25.84,5
12.84929,3,4,7,8,2160,55
8.409162,3,6,1,4,33.47,1
7.497762,3,6,4,8,46.23,2
0,3,7,3,6,6.7,0
0,4,6,5,4,4.05,0
11.86669,3,6,2,1,259.57,30
12.3626,3,4,2,6,581.13,31
0,1,5,5,3,15.57,0
13.03153,4,2,2,9,720.52,98
7.914252,4,6,4,8,25.32,1
11.60989,3,1,7,7,867.16,45
0,4,7,2,3,0.1,0
10.61039,5,1,5,3,58.99,5
10.64373,3,4,3,8,59.83,5
10.36142,5,3,1,5,8.97,2
11.62981,3,3,6,3,244.41,21
0,3,7,6,3,4.81,0
9.92896,1,6,4,5,57.53,5
9.67508,5,5,6,8,39.76,4
11.58774,4,1,7,3,563.23,34
0,2,7,6,5,11.99,0
12.15233,2,3,3,1,724.49,49
11.31179,2,3,5,5,209.61,9
13.01659,5,1,4,9,617.39,81
11.78436,3,3,3,1,388.74,25
10.42727,1,1,6,7,203.6,12
10.84101,3,3,4,2,106.66,7
7.328437,1,5,6,8,22.62,2
12.89447,2,1,7,5,1380.85,83
11.41101,1,3,6,5,307.56,14
11.00372,5,4,1,1,109.23,13
14.7407,2,1,3,9,5162.92,484
9.661097,1,1,1,3,72.88,13
10.8378,1,1,3,2,49.18,6
0,5,1,2,7,8.99,0
0,3,7,2,8,1.28,0
12.16495,1,6,7,4,1799.95,29
8.691146,3,6,4,5,53.55,3
12.88027,1,1,1,1,455.13,108
11.52379,4,1,1,3,34.01,9
9.654,1,4,5,3,86.26,4
9.445254,1,7,2,6,20.84,5
12.22292,4,6,5,9,777.52,35
12.42738,3,5,4,9,741.23,44
12.3706,5,3,4,9,729.8,63
9.015784,4,1,2,4,11.32,1
0,5,7,2,3,0.46,0
0,1,5,5,8,9.68,0
0,5,5,1,6,5.64,0
9.266815,5,5,7,5,61.96,4
11.67885,2,6,1,5,138.07,19
9.159994,5,6,3,7,13.39,3
9.749753,5,1,3,1,54.57,8
11.29652,5,4,5,1,317.01,15
11.63978,1,4,2,7,155.5,16
7.689371,4,4,3,3,35.51,2
11.13711,5,6,5,6,32.49,5
8.268988,1,7,5,2,5.74,1
0,5,6,5,4,1.58,0
0,1,7,4,7,2.64,0
0,3,7,4,3,0.96,0
0,4,7,4,7,0.1,0
13.3116,1,4,1,6,1730.51,105
10.69653,3,3,3,2,71.36,7
0,3,7,6,8,6.33,0
11.37545,1,4,4,6,740.62,25
10.40958,2,3,5,4,188.53,4
9.440738,2,7,5,1,38.56,3
11.1771,1,4,5,4,886.11,16
11.61349,3,6,5,1,385.54,16
14.56085,2,3,3,9,6034.63,404
9.91749,5,3,6,5,63.07,5
0,2,7,1,7,4.48,0
9.445333,1,3,6,2,124.82,7
9.975715,2,2,5,5,214.27,14
11.61783,2,1,3,5,134.82,19
0,5,5,1,1,9.75,0
0,5,5,3,2,6.06,0
9.413608,5,2,4,7,15.27,2
7.138073,4,5,2,6,19.16,1
9.324472,2,6,5,7,100.55,5
0,5,5,3,7,2.63,0
10.94623,5,1,6,3,115.02,11
10.93252,3,1,3,2,87.6,11
14.71827,2,2,7,1,9358.84,359
8.988945,4,6,3,7,19.89,2
7.192934,2,7,4,1,27.49,1
0,1,5,4,7,30.23,0
8.26565,3,5,7,4,61.12,2
9.631022,1,7,3,9,285.04,7
0,1,7,5,5,3.59,0
